-- phpMyAdmin SQL Dump
-- version 2.11.9.5
-- http://www.phpmyadmin.net
--
-- Servidor: localhost
-- Tiempo de generación: 28-06-2009 a las 12:54:25
-- Versión del servidor: 5.0.45
-- Versión de PHP: 5.1.6

SET SQL_MODE="NO_AUTO_VALUE_ON_ZERO";


/*!40101 SET @OLD_CHARACTER_SET_CLIENT=@@CHARACTER_SET_CLIENT */;
/*!40101 SET @OLD_CHARACTER_SET_RESULTS=@@CHARACTER_SET_RESULTS */;
/*!40101 SET @OLD_COLLATION_CONNECTION=@@COLLATION_CONNECTION */;
/*!40101 SET NAMES utf8 */;

--
-- Base de datos: `sistemachips`
--

-- --------------------------------------------------------

--
-- Estructura de tabla para la tabla `administradores`
--

CREATE TABLE IF NOT EXISTS `administradores` (
  `idAdministrador` int(3) NOT NULL auto_increment,
  `login` varchar(20) default NULL,
  `contrasena` varchar(50) default NULL,
  `idRol` varchar(3) default NULL,
  `nombre` varchar(50) default NULL,
  `apellidos` varchar(50) default NULL,
  PRIMARY KEY  (`idAdministrador`)
) ENGINE=MyISAM  DEFAULT CHARSET=latin1 AUTO_INCREMENT=47 ;

--
-- Volcar la base de datos para la tabla `administradores`
--

INSERT INTO `administradores` (`idAdministrador`, `login`, `contrasena`, `idRol`, `nombre`, `apellidos`) VALUES
(2, 'm_trujillo', '05b56acb9247759ae08cded46846d687', '5', 'Martin', 'Trujillo Bustamante'),
(15, 'f_marcelo', 'c33367701511b4f6020ec61ded352059', '16', 'Franklin', 'Marcelo'),
(41, 'o_modesto', 'c68cb6f817275467aa5f549ee5d17dff', '20', 'Olfa', 'Modesto'),
(40, 'chenko', '1141772366618e2af43aeed3f1973228', '5', 'Miguel Angel', 'Cotrina'),
(42, 'r_robles', 'e10adc3949ba59abbe56e057f20f883e', '20', 'Roxana', 'Robles'),
(43, 'j_linares', 'f355fd6251ae4fc3141e99538109b025', '20', 'Jackeline', 'Linares Chavez'),
(44, 'j_flores', 'e10adc3949ba59abbe56e057f20f883e', '20', 'Jesus', 'Flores'),
(45, 'r_urrutia', 'e10adc3949ba59abbe56e057f20f883e', '20', 'Rudy', 'Urrutia'),
(46, 'm_calderon', 'e10adc3949ba59abbe56e057f20f883e', '20', 'Moises', 'Calderon');

-- --------------------------------------------------------

--
-- Estructura de tabla para la tabla `bases`
--

CREATE TABLE IF NOT EXISTS `bases` (
  `id_base` int(11) NOT NULL auto_increment,
  `base` varchar(8) NOT NULL,
  `estado` varchar(2) NOT NULL,
  PRIMARY KEY  (`id_base`)
) ENGINE=MyISAM  DEFAULT CHARSET=latin1 AUTO_INCREMENT=25 ;

--
-- Volcar la base de datos para la tabla `bases`
--

INSERT INTO `bases` (`id_base`, `base`, `estado`) VALUES
(1, 'Base01', '0'),
(2, 'Base02', '1'),
(3, 'Base03', '1'),
(4, 'Base04', '1'),
(5, 'Base05', '1'),
(6, 'Base06', '0'),
(7, 'Base07', '1'),
(8, 'Base08', '1'),
(9, 'Base09', '0'),
(10, 'Base10', '0'),
(11, 'Base11', '0'),
(12, 'Base12', '0'),
(13, 'Base13', '1'),
(14, 'Base14', '0'),
(15, 'Base15', '0'),
(16, 'Base16', '0'),
(17, 'Base17', '0'),
(18, 'Base18', '0'),
(19, 'Base19', '0'),
(20, 'Base20', '0'),
(21, 'Base21', '0'),
(22, 'Base22', '0'),
(23, 'Base23', '0'),
(24, 'Base24', '0');

-- --------------------------------------------------------

--
-- Estructura de tabla para la tabla `chip`
--

CREATE TABLE IF NOT EXISTS `chip` (
  `idChip` int(10) unsigned NOT NULL auto_increment,
  `idPlanes` int(10) unsigned NOT NULL,
  `Numero` varchar(12) NOT NULL,
  `Minutos` int(10) unsigned default NULL,
  `Atributo1` varchar(25) default NULL,
  `Atributo2` text,
  `MinutoActual` varchar(10) default NULL,
  `minicodigo` varchar(15) NOT NULL,
  `estado` varchar(10) default NULL,
  `baja` varchar(2) NOT NULL,
  `observacion` varchar(200) NOT NULL,
  `login` varchar(20) NOT NULL,
  `actualizado` varchar(20) NOT NULL,
  PRIMARY KEY  (`idChip`),
  KEY `Chip_FKIndex1` (`idPlanes`)
) ENGINE=MyISAM  DEFAULT CHARSET=latin1 AUTO_INCREMENT=262 ;

--
-- Volcar la base de datos para la tabla `chip`
--

INSERT INTO `chip` (`idChip`, `idPlanes`, `Numero`, `Minutos`, `Atributo1`, `Atributo2`, `MinutoActual`, `minicodigo`, `estado`, `baja`, `observacion`, `login`, `actualizado`) VALUES
(6, 5, '989119303', 2500, 'Normal', '', '1361', 'baez1', '1', '0', '', '', ''),
(7, 5, '989119304', 1500, 'Normal', '', '998', 'baez2', '1', '0', '', '', ''),
(8, 5, '989119308', 2500, 'Normal', '', '373', 'baez3', '1', '0', '', '', ''),
(9, 5, '989119302', 1500, 'Normal', '', '1355', 'baez5', '1', '0', '', '', ''),
(10, 5, '989119306', 3000, 'Normal', '', '1016', 'baez6', '1', '0', '', '', ''),
(11, 2, '999824589', 345, 'Normal', '', '345', 'k3456', '1', '0', '', '', ''),
(12, 7, '989306676', 1000, 'Normal', '', '1000', 'ei76', '1', '0', '', '', ''),
(13, 2, '999689456', 230, 'Normal', '', '230', 'hjhjh', '1', '0', '', '', ''),
(19, 9, '997583098', 273, 'Normal', '', '-45', 'ggfhf', '1', '0', '', '', ''),
(18, 9, '989306700', 172, 'Normal', '', '-373', 'ccccd', '1', '0', '', '', ''),
(17, 7, '989306701', 302, 'Normal', '', '-373', 'yyyyy', '1', '0', '', '', ''),
(20, 9, '993505831', 517, 'Normal', '', '-215', 'hhhh7', '1', '0', '', '', ''),
(21, 9, '997583137', 125, 'Normal', '', '-314', 'g76hh', '1', '0', '', '', ''),
(22, 9, '997583128', 47, 'Normal', '', '-230', 'iou87', '1', '0', '', '', ''),
(23, 9, '993505747', 174, 'Normal', '', '-335', 'hhhyy', '1', '0', '', '', ''),
(24, 9, '997583148', 156, 'Normal', '', '-162', 'gjgyy', '1', '0', '', '', ''),
(25, 9, '993518086', 172, 'Normal', '', '-264', 'f5555', '1', '0', '', '', ''),
(26, 9, '997583022', 85, 'Normal', '', '-736', 'fdg55', '1', '0', '', '', ''),
(27, 10, '98833566712', 4596, 'Normal', '', '300', 'fgg55', '1', '0', '', '', ''),
(28, 10, '988335671', 4697, 'Normal', '', '2165', '65hhh', '1', '0', '', '', ''),
(29, 10, '995934539', 1000, 'Normal', '', '-556', 'Y1', '1', '0', '', '', ''),
(30, 10, '995934533', 1000, 'Normal', '', '-838', 'Y2', '1', '0', '', '', ''),
(31, 10, '995934464', 1000, 'Normal', '', '-422', 'Y3', '1', '0', '', '', ''),
(32, 10, '999934392', 1000, 'Normal', '', '-96', 'Y4', '1', '0', '', '', ''),
(33, 10, '995934382', 1000, 'Normal', '', '-301', 'Y5', '1', '0', '', '', ''),
(34, 10, '995934213', 800, 'Normal', '', '-480', 'Y6', '1', '0', '', '', ''),
(35, 10, '995932673', 1000, 'Normal', '', '-180', 'Y7', '1', '0', '', '', ''),
(36, 10, '995932031', 1000, 'Normal', '', '-267', 'Y8', '1', '0', '', '', ''),
(37, 10, '996172495', 1000, 'Normal', '', '830', 'X1', '1', '0', '', '', ''),
(38, 10, '996172474', 1000, 'Normal', '', '881', 'X2', '1', '0', '', '', ''),
(39, 10, '988335667', 1000, 'Normal', '', '-729', 'x3', '1', '0', '', '', ''),
(40, 10, '98833567', 550, 'Normal', '', '100', 'X4', '1', '0', '', '', ''),
(41, 9, '989119300', 2000, 'Normal', '', '1428', 'JB930', '1', '0', '', '', ''),
(42, 9, '989119298', 2000, 'Normal', '', '1365', 'JB298', '1', '0', '', '', ''),
(43, 5, '989306676', 850, 'Normal', '', '850', '6670', '1', '0', '', '', ''),
(44, 14, '989306701', 1000, 'Normal', '', '1000', 'O2', '1', '0', '', '', ''),
(45, 16, '989119300', 2000, 'Normal', '', '2000', 'JB9300', '1', '1', '', '', ''),
(46, 16, '989119301', 2000, 'Normal', '', '2000', 'JB9301', '1', '1', '', '', ''),
(47, 16, '989119302', 2000, 'Normal', '', '2000', 'JB9302', '1', '1', '', '', ''),
(48, 16, '989119303', 2000, 'Normal', '', '2000', 'JB9303', '1', '1', '', '', ''),
(49, 16, '989119304', 2000, 'Normal', '', '2000', 'JB9304', '1', '1', '', '', ''),
(50, 16, '989119305', 2000, 'Normal', '', '2000', 'JB9305', '1', '1', '', '', ''),
(51, 16, '989119306', 2000, 'Normal', '', '2000', 'JB9306', '1', '1', '', '', ''),
(52, 16, '989119307', 2000, 'Normal', '', '2000', 'JB9307', '1', '1', '', '', ''),
(53, 16, '989119308', 2000, 'Normal', '', '2000', 'JB9308', '1', '1', '', '', ''),
(54, 16, '989119298', 2000, 'Normal', '', '2000', 'JB9298', '1', '0', '', '', ''),
(55, 14, '11111111', 150, 'Normal', '', '150', '1', '1', '0', '', '', ''),
(56, 5, '222222', 849, 'Normal', '', '849', '2', '1', '0', '', '', ''),
(57, 5, '444444', 211, 'Normal', '', '211', '1', '2', '0', '', '', ''),
(58, 10, '11111', 200, 'Normal', '', '10', '22', '1', '0', '', '', ''),
(59, 10, '2322222', 5000, 'Normal', '', '5000', '25', '1', '0', '', '', ''),
(60, 17, '996172495', 1122, 'Normal', '', '1122', 'JC2495', '1', '0', '', '', ''),
(61, 17, '996172474', 1165, 'Normal', '', '1165', 'JC2474', '1', '0', '', '', ''),
(62, 18, '988335667', 2474, 'Normal', '', '2474', 'JC5667', '1', '0', '', '', ''),
(63, 18, '988335671', 2485, 'Normal', '', '2485', 'JC5671', '1', '0', '', '', ''),
(64, 19, '999292490', 1200, 'Normal', 'De 1500 o 1200 min.', '1200', 'JC2490', '1', '0', '', '', ''),
(65, 19, '999243084', 365, 'Normal', '', '365', 'JC3084', '1', '0', '', '', ''),
(66, 19, '999292725', 1500, 'Normal', '', '1500', 'JC2725', '1', '0', '', '', ''),
(67, 19, '988335655', 306, 'Normal', '', '306', 'JC5655', '1', '0', '', '', ''),
(68, 20, '999292459', 345, 'Normal', '', '345', 'JC2459', '1', '0', '', '', ''),
(69, 20, '999292207', 1200, 'Normal', '', '1200', 'JC2207', '1', '0', '', '', ''),
(70, 20, '999292561', 588, 'Normal', '', '588', 'JC2561', '1', '0', '', '', ''),
(71, 21, '997583098', 1500, 'Normal', '', '7.56', 'ECII3098', '1', '1', '', '', ''),
(72, 21, '997581006', 1450, 'Normal', '', '0', 'ECII1006', '1', '1', '', '', ''),
(73, 21, '2222', 150, 'Normal', '', '', '2', '1', '0', '', '', ''),
(74, 21, '234243', 2, 'Normal', '', '', '432', '1', '0', '', '', ''),
(75, 21, '324234', 423, 'Normal', '', '', '234', '1', '0', '', '', ''),
(76, 21, '993502609', 30, 'Normal', '', '30', 'ECII2609', '1', '1', '', '', ''),
(77, 10, '33333', 2000, 'Normal', '', '2000', '3', '1', '0', '', '', ''),
(78, 21, '88888', 0, 'Normal', '', '', '1', '1', '0', '', '', ''),
(79, 21, '993502037', 0, 'Normal', '', '0', 'ECII2037', '1', '1', '', '', ''),
(80, 21, '993502794', 0, 'Normal', '', '0', 'ECII2794', '1', '1', '', '', ''),
(81, 21, '993502809', 0, 'Normal', '', '0', 'ECII2809', '1', '1', '', '', ''),
(82, 21, '993505747', 500, 'Normal', '', '0', 'ECII5747', '1', '1', '', '', ''),
(83, 21, '993505831', 1000, 'Normal', '', '41.58', 'ECII5831', '1', '1', '', '', 'm_trujillo'),
(84, 21, '993506599', 200, 'Normal', '', '200', 'ECII6599', '2', '1', '', '', ''),
(85, 21, '993507061', 500, 'Normal', '', '0', 'ECII7061', '1', '1', '', '', 'm_trujillo'),
(86, 21, '993507067', 400, 'Normal', '', '400', 'ECII7067', '2', '1', '', '', ''),
(87, 21, '993507667', 0, 'Normal', '', '0', 'ECII7667', '1', '1', '', '', ''),
(88, 21, '993510551', 0, 'Normal', '', '0', 'ECII0551', '1', '1', '', '', ''),
(89, 10, '1111111', 1000, 'Normal', '', '1000', '1', '1', '0', '', '', ''),
(90, 21, '993511706', 500, 'Normal', '', '0', 'ECII1706', '1', '1', '', '', ''),
(91, 21, '993511707', 300, 'Normal', '', '300', 'ECII1707', '2', '1', '', '', ''),
(92, 21, '993511708', 500, 'Normal', '', '500', 'ECII1708', '2', '1', '', '', ''),
(93, 21, '993511709', 0, 'Normal', '', '0', 'ECII1709', '1', '1', '', '', ''),
(94, 21, '993511965', 700, 'Normal', '', '0', 'ECII1965', '1', '1', '', '', 'm_trujillo'),
(95, 21, '993511966', 0, 'Normal', '', '0', 'ECII1966', '1', '1', '', '', ''),
(96, 21, '993511967', 500, 'Normal', '', '500', 'ECII1967', '2', '1', '', '', ''),
(97, 21, '993511968', 500, 'Normal', '', '500', 'ECII1968', '2', '1', '', '', ''),
(98, 21, '993511969', 1370, 'Normal', '', '1.61', 'ECII1969', '1', '1', '', '', 'o_modesto'),
(99, 21, '993512983', 500, 'Normal', '', '500', 'ECII2983', '2', '1', '', '', ''),
(100, 21, '993513184', 1150, 'Normal', '', '1.54', 'ECII3184', '1', '1', '', '', 'o_modesto'),
(101, 21, '993514356', 0, 'Normal', '', '0', 'ECII4356', '1', '1', '', '', ''),
(102, 21, '993517452', 0, 'Normal', '', '0', 'ECII7452', '1', '1', '', '', ''),
(103, 21, '993517453', 850, 'Normal', '', '0', 'ECII7453', '1', '1', '', '', 'm_trujillo'),
(104, 21, '993518086', 800, 'Normal', '', '0', 'ECII8086', '1', '1', '', '', 'm_trujillo'),
(105, 21, '997577954', 0, 'Normal', '', '0', 'ECII7954', '1', '1', '', '', ''),
(106, 21, '997577958', 500, 'Normal', '', '500', 'ECII7958', '2', '1', '', '', ''),
(107, 21, '997577973', 0, 'Normal', '', '0', 'ECII7973', '1', '1', '', '', ''),
(108, 21, '997577975', 850, 'Normal', '', '850', 'ECII7975', '2', '1', '', '', ''),
(109, 21, '997577980', 300, 'Normal', '', '300', 'ECII7980', '2', '1', '', '', ''),
(110, 21, '997577994', 0, 'Normal', '', '0', 'ECII7994', '1', '1', '', '', ''),
(111, 21, '997583022', 460, 'Normal', '', '0', 'ECII3022', '1', '1', '', '', 'm_trujillo'),
(112, 21, '997583086', 0, 'Normal', '', '0', 'ECII3086', '1', '1', '', '', ''),
(113, 21, '997583091', 0, 'Normal', '', '0', 'ECII3091', '1', '1', '', '', ''),
(114, 21, '997583095', 0, 'Normal', '', '0', 'ECII3095', '1', '1', '', '', ''),
(115, 21, '997583097', 1000, 'Normal', '', '1000', 'ECII3097', '2', '1', '', '', ''),
(116, 21, '997583128', 500, 'Normal', '', '4', 'ECII3128', '1', '1', '', '', ''),
(117, 21, '997583137', 500, 'Normal', '', '11.58', 'ECII3137', '1', '1', '', '', ''),
(118, 21, '997583148', 500, 'Normal', '', '3', 'ECII3148', '1', '1', '', '', 'o_modesto'),
(119, 21, '997583205', 0, 'Normal', '', '0', 'ECII3205', '1', '1', '', '', ''),
(120, 21, '997583207', 200, 'Normal', '', '200', 'ECII3207', '2', '1', '', '', ''),
(121, 21, '997583250', 0, 'Normal', '', '0', 'ECII3250', '1', '1', '', '', ''),
(123, 10, '11111', 10, 'Rpc', '', '10', '2547', '1', '0', '', '', ''),
(122, 10, '44444', 100, 'Normal', '', '100', '45', '1', '0', '', '', ''),
(124, 10, '2222', 222, 'Rpc', '1', '222', '222', '1', '0', '', '', ''),
(125, 23, '989306676', 150, 'Rpc', '', '150', 'ECI6676', '1', '1', '', '', ''),
(126, 23, '989306678', 0, 'Rpc', '', '0', 'ECI6678', '1', '1', '', '', ''),
(127, 23, '989306679', 0, 'Rpc', '', '0', 'ECI6679', '1', '1', '', '', ''),
(128, 23, '989306680', 2900, 'Rpc', '', '20', 'ECI6680', '1', '1', '', '', 'o_modesto'),
(129, 23, '989306681', 500, 'Rpc', '', '500', 'ECI6681', '2', '1', '', '', ''),
(130, 23, '989306682', 0, 'Rpc', '', '0', 'ECI6682', '1', '1', '', '', ''),
(131, 23, '989306683', 0, 'Rpc', '', '0', 'ECI6683', '1', '1', '', '', ''),
(132, 23, '989306684', 2000, 'Rpc', '', '46.55', 'ECI6684', '1', '1', '', '', 'o_modesto'),
(133, 23, '989306685', 0, 'Rpc', '', '0', 'ECI6685', '1', '1', '', '', ''),
(134, 23, '989306686', 800, 'Rpc', 'No se reajusto el chip', '0', 'ECI6686', '1', '1', '', '', 'm_trujillo'),
(135, 23, '989306687', 0, 'Rpc', '', '0', 'ECI6687', '1', '1', '', '', ''),
(136, 23, '989306689', 100, 'Rpc', '', '100', 'ECI6689', '2', '1', '', '', ''),
(137, 23, '989306690', 1500, 'Rpc', '', '28', 'BEI6690', '1', '1', '', '', 'o_modesto'),
(138, 23, '989306691', 200, 'Rpc', '', '200', 'ECI6691', '2', '1', '', '', ''),
(139, 23, '989306692', 500, 'Rpc', '', '0', 'ECI6692', '1', '1', '', '', 'm_trujillo'),
(140, 23, '989306693', 2450, 'Rpc', '', '2', 'ECI6693', '1', '1', '', '', 'o_modesto'),
(141, 23, '989306694', 1000, 'Rpc', '', '11', 'ECI6694', '1', '1', '', '', 'o_modesto'),
(142, 23, '989306695', 0, 'Rpc', '', '0', 'ECI6695', '1', '1', '', '', ''),
(143, 23, '989306696', 0, 'Rpc', '', '0', 'ECI6696', '1', '1', '', '', ''),
(144, 23, '989306697', 400, 'Rpc', '', '400', 'ECI6697', '2', '1', '', '', ''),
(145, 23, '989306698', 500, 'Rpc', '', '500', 'ECI6698', '2', '1', '', '', ''),
(146, 23, '989306700', 500, 'Rpc', '', '0', 'ECI6700', '1', '1', '', '', 'm_trujillo'),
(147, 23, '989306701', 500, 'Rpc', '', '500', 'ECI6701', '2', '1', '', '', ''),
(148, 23, '989306702', 500, 'Rpc', '', '500', 'ECI6702', '2', '1', '', '', ''),
(149, 23, '989306703', 0, 'Rpc', '', '0', 'ECI6703', '1', '1', '', '', ''),
(150, 23, '989306704', 500, 'Rpc', '', '500', 'ECI6704', '2', '1', '', '', ''),
(151, 23, '989306705', 0, 'Rpc', '', '0', 'ECI6705', '1', '1', '', '', ''),
(152, 23, '989306706', 300, 'Rpc', '', '300', 'ECI6706', '2', '1', '', '', ''),
(153, 23, '989306707', 300, 'Rpc', '', '300', 'ECI6707', '2', '1', '', '', ''),
(154, 23, '989306708', 0, 'Rpc', '', '0', 'ECI6708', '1', '1', '', '', ''),
(155, 24, '980313077', 800, 'Normal', '', '-12', 'EMI3077', '1', '1', '', '', ''),
(156, 24, '980313301', 500, 'Normal', '', '-0.32', 'EMI3301', '1', '1', '', '', ''),
(157, 24, '980313314', 500, 'Normal', '', '-2', 'EMI3314', '1', '1', '', '', ''),
(158, 24, '980313268', 700, 'Normal', '', '-1', 'EMI3268', '1', '1', '', '', ''),
(159, 24, '980313336', 500, 'Normal', '', '6', 'EMI3336', '1', '1', '', '', 'o_modesto'),
(160, 24, '980313338', 1000, 'Normal', '', '-0.23', 'EMI3338', '1', '1', '', '', ''),
(161, 24, '980313310', 500, 'Normal', '', '-0.6', 'EMI3310', '1', '1', '', '', ''),
(162, 24, '980313328', 500, 'Normal', '', '-0.11', 'EMI3328', '1', '1', '', '', ''),
(163, 24, '980313311', 500, 'Normal', '', '130', 'EMI3311', '1', '1', '', '', 'm_trujillo'),
(164, 24, '980160803', 500, 'Normal', '', '30', 'EMI0803', '1', '1', '', '', 'm_trujillo'),
(165, 24, '980313288', 500, 'Normal', '', '72', 'EMI3288', '1', '1', '', '', 'm_trujillo'),
(166, 24, '980313645', 500, 'Normal', '', '500', 'EMI3645', '1', '1', '', '', ''),
(167, 24, '980313690', 500, 'Normal', '', '29', 'EMI3690', '1', '1', '', '', 'm_trujillo'),
(168, 24, '980313285', 500, 'Normal', '', '43', 'EMI3285', '1', '1', '', 'm_trujillo', 'm_trujillo'),
(169, 24, '980313275', 500, 'Normal', '', '2', 'EMI3275', '1', '1', '', '', ''),
(170, 24, '980313293', 500, 'Normal', '', '-141', 'EMI3293', '1', '1', '', '', 'm_trujillo'),
(171, 24, '980323208', 500, 'Normal', '', '2', 'EMI3208', '1', '1', '', '', 'o_modesto'),
(172, 24, '980313323', 500, 'Normal', '', '500', 'EMI3323', '1', '1', '', '', ''),
(173, 25, '985307369', 1200, 'Normal', '', '-32', 'EMII7369', '1', '1', '', '', 'm_trujillo'),
(174, 25, '985620195', 1200, 'Normal', '', '52', 'EMII0195', '1', '1', '', '', 'o_modesto'),
(175, 25, '985620167', 2500, 'Normal', '', '187', 'EMII0167', '1', '1', '', '', 'o_modesto'),
(176, 25, '985620206', 500, 'Normal', '', '-12', 'EMII0206', '1', '1', '', '', ''),
(177, 25, '985620204', 1500, 'Normal', '', '108', 'EMII0204', '1', '1', '', '', 'm_trujillo'),
(178, 25, '995620213', 1200, 'Normal', '', '38', 'EMII0213', '1', '1', '', '', 'o_modesto'),
(179, 25, '985620210', 1200, 'Normal', '', '35', 'EMII0210', '1', '1', '', '', 'o_modesto'),
(180, 25, '985620193', 300, 'Normal', '', '300', 'EMII0193', '1', '1', '', '', ''),
(181, 25, '985620196', 1189, 'Normal', '', '1189', 'EMII0196', '1', '1', '', '', ''),
(182, 10, '11111111', 100, 'Normal', '', '100', 'jhjy', '1', '0', '', '', ''),
(183, 10, '222222', 0, 'Normal', '', '0', '22', '1', '0', '', '', ''),
(184, 10, '3333', 120, 'Normal', '', '120', 'ki%fd', '1', '0', '', '', ''),
(185, 10, '88888', 15004, 'Rpc', '', '15004', 'cd4', '1', '0', '', '', ''),
(186, 23, '33333', 100, 'Normal', '', '', '45', '1', '0', '', '', ''),
(187, 10, '333', 23, 'Normal', '', '23', '23', '1', '0', '', '', ''),
(188, 10, '2222', 1222, 'Normal', '', '1222', '3', '1', '0', '', 'm_trujillo', ''),
(215, 27, '985949224', 9000, 'Normal', '', '8401', 'P214', '1', '1', '', 'j_linares', 'o_modesto'),
(214, 24, '980313208', 500, 'Normal', '', '500', 'EMI3208', '0', '1', '', 'o_modesto', ''),
(189, 10, '999960543', 2000, 'Normal', '', '2000', 'I-67', '1', '0', '', 'j_flores', ''),
(190, 26, '999960524', 10000, 'Normal', '', '10000', 'MJB524', '1', '0', '', 'j_linares', ''),
(191, 26, '999960546', 10000, 'Normal', '', '10000', 'MJB546', '1', '0', '', 'j_linares', ''),
(192, 26, '999960533', 10000, 'Normal', '', '10000', 'MJB533', '1', '0', '', 'j_linares', ''),
(193, 26, '999960535', 10000, 'Normal', '', '10000', 'MJB535', '1', '0', '', 'j_linares', ''),
(194, 26, '999960543', 10000, 'Normal', '', '10000', 'MJB543', '1', '0', '', 'j_linares', ''),
(195, 26, '999960395', 10000, 'Normal', '', '10000', 'MJB395', '1', '0', '', 'j_linares', ''),
(196, 26, '999960408', 10000, 'Normal', '', '10000', 'MJB408', '1', '0', '', 'j_linares', ''),
(197, 26, '999960466', 10000, 'Normal', '', '10000', 'MJB466', '1', '0', '', 'j_linares', ''),
(198, 26, '999960481', 10000, 'Normal', '', '10000', 'MJB481', '1', '0', '', 'j_linares', ''),
(199, 26, '999960488', 10000, 'Normal', '', '10000', 'MJB488', '1', '0', '', 'j_linares', ''),
(200, 26, '999960489', 10000, 'Normal', '', '10000', 'MJB489', '1', '0', '', 'j_linares', ''),
(201, 26, '999960490', 10000, 'Normal', '', '10000', 'MJB490', '1', '0', '', 'j_linares', ''),
(202, 26, '999960492', 10000, 'Normal', '', '10000', 'MJB492', '1', '0', '', 'j_linares', ''),
(203, 26, '999960503', 10000, 'Normal', '', '10000', 'MJB503', '1', '0', '', 'j_linares', ''),
(204, 26, '999960513', 10000, 'Normal', '', '10000', 'MJB513', '1', '0', '', 'j_linares', ''),
(205, 26, '999960549', 10000, 'Normal', '', '10000', 'MJB549', '1', '0', '', 'j_linares', ''),
(206, 26, '999960558', 10000, 'Normal', '', '10000', 'MJB558', '1', '0', '', 'j_linares', ''),
(207, 26, '999960559', 10000, 'Normal', '', '10000', 'MJB559', '1', '0', '', 'j_linares', ''),
(208, 26, '999960563', 10000, 'Normal', '', '10000', 'MJB563', '1', '0', '', 'j_linares', ''),
(209, 26, '999960570', 10000, 'Normal', '', '10000', 'MJB570', '1', '0', '', 'j_linares', ''),
(210, 26, '999960572', 10000, 'Normal', '', '10000', 'MJB572', '1', '0', '', 'j_linares', ''),
(211, 26, '999960590', 10000, 'Normal', '', '10000', 'MJB590', '1', '0', '', 'j_linares', ''),
(212, 26, '999960591', 10000, 'Normal', '', '10000', 'MJB591', '1', '0', '', 'j_linares', ''),
(213, 26, '999960600', 10000, 'Normal', '', '10000', 'MJB600', '1', '0', '', 'j_linares', ''),
(216, 27, '985949229', 9000, 'Normal', '', '8577', 'P215', '1', '1', '', 'm_trujillo', 'o_modesto'),
(217, 27, '985949230', 9000, 'Normal', '', '8481', 'P216', '1', '1', '', 'j_linares', 'o_modesto'),
(218, 27, '985960140', 9000, 'Normal', '', '8358', 'P217', '1', '1', '', 'j_linares', 'o_modesto'),
(219, 27, '985962830', 9000, 'Normal', '', '8466', 'P218', '1', '1', '', 'j_linares', 'o_modesto'),
(220, 27, '985962887', 9000, 'Normal', '', '8370', 'P219', '1', '1', '', 'j_linares', 'o_modesto'),
(221, 27, '986967222', 9000, 'Normal', '', '8375', 'P220', '1', '1', '', 'j_linares', 'o_modesto'),
(222, 27, '985993786', 9000, 'Normal', '', '8340', 'P221', '1', '1', '', 'j_linares', 'o_modesto'),
(223, 27, '985993791', 9000, 'Normal', '', '8392', 'P222', '1', '1', '', 'j_linares', 'o_modesto'),
(224, 27, '990370871', 9000, 'Normal', '', '8557', 'P223', '1', '1', '', 'j_linares', 'o_modesto'),
(225, 27, '988871236', 9000, 'Normal', '', '8446', 'P224', '1', '1', '', 'j_linares', 'o_modesto'),
(226, 27, '995337894', 9000, 'Normal', '', '8398', 'P225', '1', '1', '', 'j_linares', 'o_modesto'),
(227, 27, '995343995', 9000, 'Normal', '', '8414', 'P226', '1', '1', '', 'j_linares', 'm_trujillo'),
(228, 27, '995420972', 9000, 'Normal', '', '8397', 'P227', '1', '1', '', 'j_linares', 'o_modesto'),
(229, 27, '995478312', 9000, 'Normal', '', '8333', 'P228', '1', '1', '', 'j_linares', 'o_modesto'),
(230, 27, '995481480', 9000, 'Normal', '', '8354', 'P229', '1', '1', '', 'j_linares', 'o_modesto'),
(232, 30, '11111', 254, 'Normal', 'no considerar este chip', '254', 'awe', '1', '0', '', 'm_trujillo', ''),
(231, 16, '989119298', 2000, 'Normal', 'bueno', '2000', 'JB9298', '1', '1', '', 'j_linares', ''),
(233, 31, '990756851', 800, 'Normal', '', '401', 'JC6851', '1', '1', '', 'j_linares', 'o_modesto'),
(234, 31, '990757427', 800, 'Normal', '', '397', 'JC7427', '1', '1', '', 'j_linares', 'o_modesto'),
(235, 31, '990756757', 800, 'Normal', '', '391', 'JC6757', '1', '1', '', 'j_linares', 'o_modesto'),
(236, 31, '990759326', 800, 'Normal', '', '416', 'JC9326', '1', '1', '', 'j_linares', 'o_modesto'),
(237, 31, '990756743', 800, 'Normal', '', '399', 'JC6743', '1', '1', '', 'j_linares', 'o_modesto'),
(238, 31, '990757415', 800, 'Normal', '', '394', 'JC7415', '1', '1', '', 'j_linares', 'o_modesto'),
(239, 31, '990757481', 800, 'Normal', '', '397', 'JC7481', '1', '1', '', 'j_linares', 'o_modesto'),
(240, 31, '990757334', 800, 'Normal', '', '427', 'JC7334', '1', '1', '', 'j_linares', 'o_modesto'),
(241, 31, '990759392', 800, 'Normal', '', '402', 'JC9392', '1', '1', '', 'j_linares', 'o_modesto'),
(242, 31, '990759864', 800, 'Normal', '', '407', 'JC9864', '1', '1', '', 'j_linares', 'o_modesto'),
(243, 31, '990756730', 800, 'Normal', '', '409', 'JC6730', '1', '1', '', 'j_linares', 'o_modesto'),
(244, 31, '990757829', 800, 'Normal', '', '423', 'JC7829', '1', '1', '', 'j_linares', 'o_modesto'),
(245, 31, '990756926', 800, 'Normal', '', '401', 'JC6926', '1', '1', '', 'j_linares', 'o_modesto'),
(246, 31, '990759192', 800, 'Normal', '', '412', 'JC9192', '1', '1', '', 'j_linares', 'o_modesto'),
(247, 31, '990757167', 800, 'Normal', '', '425', 'JC7167', '1', '1', '', 'j_linares', 'o_modesto'),
(248, 31, '990758591', 800, 'Normal', '', '412', 'JC8591', '1', '1', '', 'j_linares', 'o_modesto'),
(249, 31, '990756705', 800, 'Normal', '', '455', 'JC6705', '1', '1', '', 'j_linares', 'o_modesto'),
(250, 31, '990759327', 800, 'Normal', '', '681', 'JC9327', '1', '1', '', 'j_linares', 'o_modesto'),
(251, 31, '990756694', 800, 'Normal', '', '449', 'JC6694', '1', '1', '', 'j_linares', 'o_modesto'),
(252, 31, '990758261', 800, 'Normal', '', '436', 'JC8261', '1', '1', '', 'j_linares', 'o_modesto'),
(253, 31, '990757814', 800, 'Normal', '', '421', 'JC7814', '1', '1', '', 'j_linares', 'o_modesto'),
(254, 31, '990756495', 800, 'Normal', '', '426', 'JC6495', '1', '1', '', 'j_linares', 'o_modesto'),
(255, 32, '989587351', 500, 'Normal', '', '129.73', 'AZ7351', '0', '1', '', 'o_modesto', 'o_modesto'),
(256, 32, '989584328', 500, 'Normal', '', '37.34', 'AZ4328', '0', '1', '', 'o_modesto', 'o_modesto'),
(257, 33, '989587378', 577, 'Normal', '', '235.62', 'AZ7378', '0', '1', '', 'o_modesto', 'o_modesto'),
(258, 33, '989587384', 577, 'Normal', '', '64.03', 'AZ7384', '0', '1', '', 'o_modesto', 'o_modesto'),
(259, 33, '989587374', 577, 'Normal', '', '575.29', 'AZ7374', '0', '1', '', 'o_modesto', 'o_modesto'),
(260, 33, '989587367', 577, 'Normal', '', '200', 'AZ7367', '0', '1', '', 'o_modesto', 'o_modesto'),
(261, 33, '989587383', 577, 'Normal', '', '203.76', 'AZ7383', '0', '1', '', 'o_modesto', 'o_modesto');

-- --------------------------------------------------------

--
-- Estructura de tabla para la tabla `datoscliente`
--

CREATE TABLE IF NOT EXISTS `datoscliente` (
  `idDatosCliente` int(10) unsigned NOT NULL auto_increment,
  `Login` varchar(50) default NULL,
  `Nombre` varchar(50) default NULL,
  `Apellido` varchar(50) default NULL,
  `Direccion` varchar(100) default NULL,
  `Telefono` varchar(12) default NULL,
  `Base` varchar(5) default NULL,
  PRIMARY KEY  (`idDatosCliente`)
) ENGINE=MyISAM  DEFAULT CHARSET=latin1 AUTO_INCREMENT=25 ;

--
-- Volcar la base de datos para la tabla `datoscliente`
--

INSERT INTO `datoscliente` (`idDatosCliente`, `Login`, `Nombre`, `Apellido`, `Direccion`, `Telefono`, `Base`) VALUES
(6, 'jjara', 'Josue', 'Jara', '', '', '1'),
(7, 'khuaman', 'Karin Patricia', 'Huaman Villena', 'Av. San Felipe 825 cruce con av. universitaria Comas ', '5435303', '1'),
(4, 'hcoaquira', 'Hermelinda', 'Coaquira', 'Esquina con Bolivia', '', '1'),
(5, 'ocardenas', 'Oscar', 'Cárdenas', 'Lima', '4593246', '1'),
(8, 'eordoñez', 'Edwin', 'Ordoñez', '', '', '1'),
(9, 'hsaraza', 'Hermano de Lourdes', 'Saraza', '', '', '1'),
(10, 'ldiaz', 'Lupe', 'Diaz', '', '', '1'),
(11, 'jorozco', 'Jose', 'Orozco', '', '', '1'),
(12, 'jrosado', 'Jorge Luis', 'Rosado Cruz', 'Mz B3 Lt2 Ciudad del pescador Bellavista Callao', '498-4168', '1'),
(13, 'scahuana', 'S', 'Cahuana', '', '', '1'),
(14, 'lsaraza', 'Lourdes', 'Saraza', '', '', '1'),
(15, 'dtito', 'Deysi', 'Tito Cupe', '', '', '1'),
(16, 'amendez', 'Alex(su esposa Eloiza)', 'Mendez', '', '', '1'),
(17, 'rzegarra', 'Ruth', 'Zegarra', '', '', '1'),
(18, 'oluna', 'Omar', 'Luna', '', '', '1'),
(19, 'dolivo', 'Dionel', 'Olivo', '', '', '1'),
(20, 'htito', 'Hilaraia', 'Tito', '', '', '1'),
(21, 'raliaga', 'Raul', 'Aliaga', '', '', '1'),
(22, 'jbracamonte', 'Jose', 'Bracamonte', '', '', '1'),
(23, 'lastocuri', 'Lucio', 'Astocuri', '', '', '1'),
(24, 'dnatividad', 'Doris', 'Natividad', '', '', '1');

-- --------------------------------------------------------

--
-- Estructura de tabla para la tabla `generadortickets`
--

CREATE TABLE IF NOT EXISTS `generadortickets` (
  `idGeneradorTickets` int(3) NOT NULL auto_increment,
  `Chip_idChip` varchar(3) NOT NULL,
  `Monto` varchar(30) NOT NULL,
  `Fecha` varchar(20) NOT NULL,
  `Estado` varchar(1) NOT NULL,
  `Baja` varchar(1) NOT NULL,
  PRIMARY KEY  (`idGeneradorTickets`)
) ENGINE=InnoDB  DEFAULT CHARSET=latin1 AUTO_INCREMENT=151 ;

--
-- Volcar la base de datos para la tabla `generadortickets`
--

INSERT INTO `generadortickets` (`idGeneradorTickets`, `Chip_idChip`, `Monto`, `Fecha`, `Estado`, `Baja`) VALUES
(104, '39', '150', '13/05/09 18:58', '0', '0'),
(105, '40', '200', '28/04/09 19:21', '1', '1'),
(106, '40', '245', '05/05/09 20:16', '1', '0'),
(107, '42', '485', '19/05/09 11:22', '0', '0'),
(108, 'n', '', '09/06/09 20:08', '0', '0'),
(109, 'n', '', '11/06/09 20:08', '0', '0'),
(110, 'n', '', ' 20:10', '0', '0'),
(111, 'n', '', '16/06/09 20:14', '0', '0'),
(112, '43', '250', '03/06/09 20:15', '1', '1'),
(113, 'n', '', '03/06/09 20:16', '0', '0'),
(114, 'n', '', ' 20:16', '0', '0'),
(115, 'n', '', ' 20:16', '0', '0'),
(116, 'n', '', ' 20:16', '0', '0'),
(117, 'n', '', ' 20:16', '0', '0'),
(118, 'n', '', ' 20:16', '0', '0'),
(119, '43', '', '16/06/09 20:44', '1', '1'),
(120, '43', '150', '17/06/09 20:46', '1', '1'),
(121, '43', '450', '03/06/09 20:47', '1', '1'),
(122, '45', '250', '10/06/09 16:14', '1', '1'),
(123, '46', '250', '09/06/09 16:15', '1', '1'),
(124, '55', '250', '09/06/09 16:21', '1', '1'),
(125, '56', '555', '03/06/09 16:23', '1', '1'),
(126, '57', '123', '09/06/09 16:26', '1', '0'),
(127, '58', '250', '17/06/09 10:21', '1', '1'),
(128, '76', '125', '10/06/09 20:50', '1', '1'),
(129, '129', '125', '27/04/09 19:20', '0', '0'),
(130, '136', '25', ' 19:22', '0', '0'),
(131, '138', '50', '28/04/09 19:23', '0', '0'),
(132, '144', '100', '04/04/09 19:25', '0', '0'),
(133, '145', '125', ' 19:26', '0', '0'),
(134, '147', '25', '09/05/09 19:39', '0', '0'),
(135, '148', '125', ' 19:41', '0', '0'),
(136, '152', '75', '28/04/09 19:55', '0', '0'),
(137, '84', '50', ' 20:01', '0', '0'),
(138, '86', '100', '22/04/09 20:04', '0', '0'),
(139, '91', '75', '30/04/09 20:13', '0', '0'),
(140, '92', '125', '09/05/09 20:16', '0', '0'),
(141, '96', '125', ' 20:19', '0', '0'),
(142, '97', '125', ' 20:22', '0', '0'),
(143, '99', '125', ' 20:23', '0', '0'),
(144, '106', '125', '04/05/09 20:24', '0', '0'),
(145, '108', '212.5', '30/04/09 20:27', '0', '0'),
(146, '109', '75', '17/04/09 20:37', '0', '0'),
(147, '115', '250', '22/04/09 20:38', '0', '0'),
(148, '120', '50', ' 20:55', '0', '0'),
(149, '150', '145', '29/04/09 20:56', '0', '0'),
(150, '153', '95', '10/05/09 20:57', '0', '0');

-- --------------------------------------------------------

--
-- Estructura de tabla para la tabla `menu`
--

CREATE TABLE IF NOT EXISTS `menu` (
  `idMenu` varchar(5) NOT NULL,
  `nombre` varchar(20) NOT NULL,
  `url` varchar(100) default NULL,
  `atributos` varchar(200) default NULL,
  PRIMARY KEY  (`idMenu`)
) ENGINE=MyISAM DEFAULT CHARSET=latin1;

--
-- Volcar la base de datos para la tabla `menu`
--

INSERT INTO `menu` (`idMenu`, `nombre`, `url`, `atributos`) VALUES
('1.00', 'Archivos', 'javascript:menu()', 'null'),
('2.00', 'Administrar', 'javascript:menu()', 'null'),
('3.01', 'Administradores', 'iframeadministrador.php', '{''tw'':''interframe'', ''tt'':''Administradores'', ''sb'':''Administradores''}'),
('1.01', 'Inicio', 'iframeindex.php', '{''tw'':''interframe'', ''tt'':''Operadores'', ''sb'':''Operadores''}'),
('1.02', 'Imprimir', 'javascript:window.print()', '{''tw'':''interframe'', ''tt'':''Imprimir'', ''sb'':''Imprimir''}'),
('1.03', 'Salida', 'javascript:window.parent.salir();', '{''tw'':''interframe'', ''tt'':''Salida'', ''sb'':''Salida''}'),
('2.01', 'Operadores', 'iframeoperador.php', '{''tw'':''interframe'', ''tt'':''Operadores'', ''sb'':''Operadores''}'),
('2.02', 'Proveedor', 'iframeprovedor.php', '{''tw'':''interframe'', ''tt'':''Provedores'', ''sb'':''Provedores''}'),
('2.03', 'Planes', 'iframeplanes.php', '{''tw'':''interframe'', ''tt'':''Planes'', ''sb'':''Planes''}'),
('2.04', 'Chips', 'iframechips.php', '{''tw'':''interframe'', ''tt'':''Chips'', ''sb'':''Chips''}'),
('2.05', 'Bases', 'iframebases.php', '{''tw'':''interframe'', ''tt'':''Bases'', ''sb'':''Bases''}'),
('2.06', 'Clientes', 'iframecliente.php', '{''tw'':''interframe'', ''tt'':''Cliente'', ''sb'':''Cliente''}'),
('2.07', 'Ajuste Chips', 'iframeajustechips.php', '{''tw'':''interframe'', ''tt'':''AjusteChips'', ''sb'':''justeChips''}'),
('6.02', 'Acerca de', 'iframeacercade.php', '{''tw'':''interframe'', ''tt'':''Operadores'', ''sb'':''Operadores''}'),
('5.01', 'Tickets', 'iframetickets.php', '{''tw'':''interframe'', ''tt'':''Tickets'', ''sb'':''Tickets''}'),
('4.03', 'Detalle Llamadas', 'Entorno.php', '{''tw'':''interframe'', ''tt'':''Operadores'', ''sb'':''Operadores''}'),
('4.02', 'Consumo dia', 'iframekardexbase.php', '{''tw'':''interframe'', ''tt'':''Operadores'', ''sb'':''Operadores''}'),
('4.01', 'Consumo base', 'iframekardexfecha.php', '{''tw'':''interframe'', ''tt'':''Operadores'', ''sb'':''Operadores''}'),
('6.00', 'Ayuda', 'javascript:menu()', 'null'),
('5.00', 'Pendientes', 'javascript:menu()', 'null'),
('4.00', 'Kardex y Reportes', 'javascript:menu()', 'null'),
('3.00', 'Configuracion', 'javascript:menu()', NULL),
('3.02', 'Password', 'iframepassword.php', '{''tw'':''interframe'', ''tt'':''Password'', ''sb'':''Password''}'),
('6.03', 'Contactenos', 'iframebases1.php', '{''tw'':''interframe'', ''tt'':''Operadores'', ''sb'':''Operadores''}'),
('6.01', 'Ayuda', 'iframeacercade.php', '{''tw'':''interframe'', ''tt'':''Operadores'', ''sb'':''Operadores''}'),
('4.05', 'Comparativo Bases', 'iframekardexvariaciones.php', '{''tw'':''interframe'', ''tt'':''AjusteChips'', ''sb'':''justeChips''}'),
('4.04', 'Seguimiento Chip', 'iframeestadochip1.php', '{''tw'':''interframe'', ''tt'':''Estado Chip1'', ''sb'':''Estado chip1''}'),
('3.03', 'Password System', 'iframeacercade.php', '{''tw'':''interframe'', ''tt'':''Operadores'', ''sb'':''Operadores''}'),
('3.04', 'Roles', 'iframeroles.php', '{''tw'':''interframe'', ''tt'':''Roles'', ''sb'':''Roles''}'),
('3.05', 'Permisos', 'iframepermisos.php', '{''tw'':''interframe'', ''tt'':''Permisos'', ''sb'':''Permisos''}'),
('2.08', 'Alquiler chips', 'iframealquiler.php', '{''tw'':''interframe'', ''tt'':''Alquiler'', ''sb'':''Alquiler''}'),
('4.06', 'Inventario Chips', 'iframeinventario.php', '{''tw'':''interframe'', ''tt'':''InventarioChips'', ''sb'':''InventarioChips''}'),
('4.07', 'Historial chips', 'iframeestadochip1.php', '{''tw'':''interframe'', ''tt'':''Estado Chip1'', ''sb'':''Estado chip1''}'),
('4.08', 'Inventario Bases', 'kardexbasesReporte.php', '{''tw'':''interframe'', ''tt'':''InventarioBases'', ''sb'':''InventarioBases''}');

-- --------------------------------------------------------

--
-- Estructura de tabla para la tabla `operador`
--

CREATE TABLE IF NOT EXISTS `operador` (
  `idOperador` int(10) unsigned NOT NULL auto_increment,
  `Nombre` varchar(30) default NULL,
  `Logo` varchar(50) default NULL,
  PRIMARY KEY  (`idOperador`)
) ENGINE=MyISAM  DEFAULT CHARSET=latin1 AUTO_INCREMENT=4 ;

--
-- Volcar la base de datos para la tabla `operador`
--

INSERT INTO `operador` (`idOperador`, `Nombre`, `Logo`) VALUES
(1, 'Claro', 'imagenes/celular.gif'),
(2, 'Movistar', 'imagenes/skype.png');

-- --------------------------------------------------------

--
-- Estructura de tabla para la tabla `planes`
--

CREATE TABLE IF NOT EXISTS `planes` (
  `idPlanes` int(10) unsigned NOT NULL auto_increment,
  `idOperador` int(10) unsigned NOT NULL,
  `idProvedor` int(10) unsigned NOT NULL,
  `Nombre` varchar(50) default NULL,
  `TipoCobro` varchar(50) default NULL,
  `Factor` varchar(30) default NULL,
  `FechaRedistribucion` varchar(20) default NULL,
  `TipoPlan` varchar(10) NOT NULL,
  `Baja` varchar(2) NOT NULL,
  PRIMARY KEY  (`idPlanes`),
  KEY `Planes_FKIndex1` (`idProvedor`),
  KEY `Planes_FKIndex2` (`idOperador`)
) ENGINE=MyISAM  DEFAULT CHARSET=latin1 AUTO_INCREMENT=34 ;

--
-- Volcar la base de datos para la tabla `planes`
--

INSERT INTO `planes` (`idPlanes`, `idOperador`, `idProvedor`, `Nombre`, `TipoCobro`, `Factor`, `FechaRedistribucion`, `TipoPlan`, `Baja`) VALUES
(2, 1, 3, 'Bolson 3', 'Minutos', '', '05/06/2009', 'Postpago', '0'),
(4, 2, 2, 'Bolson2', 'Soles', '3', '12/06/2009', 'Postpago', '0'),
(21, 1, 10, 'BolsaII EmpresaClaro', 'Minutos', '', '28/06/2009', 'Postpago', '1'),
(33, 1, 11, 'Bolsa AZ (150)', 'Soles', '0.26', '27/06/2009', 'Postpago', '1'),
(32, 1, 11, 'Bolsa AZ (130)', 'Soles', '0.26', '27/06/2009', 'Postpago', '1'),
(7, 1, 6, 'bolsa 1', 'Minutos', '', '13/06/2009', 'Postpago', '0'),
(8, 1, 7, 'Bolsa2', 'Minutos', '', '27/05/2009', 'Postpago', '0'),
(30, 1, 10, 'Claro Empresarial borrar', 'Minutos', '', '16/06/2009', 'Postpago', '0'),
(31, 2, 8, 'BolsaJC(800)', 'Minutos', '', '06/07/2009', 'Postpago', '1'),
(16, 1, 5, 'BolsaI JB (2000)', 'Minutos', '', '28/06/2009', 'Postpago', '1'),
(23, 1, 10, 'BolsaI EmpresaClaro', 'Minutos', '', '28/06/2009', 'Postpago', '1'),
(24, 2, 10, 'BolsaI EmpresaMovistar', 'Minutos', '', '06/07/2009', 'Postpago', '1'),
(25, 2, 10, 'BolsaII EmpresaMovistar', 'Minutos', '', '06/07/2009', 'Postpago', '1'),
(27, 2, 5, 'MultidestinoJB(9000)', 'Minutos', '', '', 'Prepago', '1');

-- --------------------------------------------------------

--
-- Estructura de tabla para la tabla `provedor`
--

CREATE TABLE IF NOT EXISTS `provedor` (
  `idProvedor` int(10) unsigned NOT NULL auto_increment,
  `Nombres` varchar(50) default NULL,
  `Apellidos` varchar(50) default NULL,
  `Comentario` varchar(150) default NULL,
  PRIMARY KEY  (`idProvedor`)
) ENGINE=MyISAM  DEFAULT CHARSET=latin1 AUTO_INCREMENT=12 ;

--
-- Volcar la base de datos para la tabla `provedor`
--

INSERT INTO `provedor` (`idProvedor`, `Nombres`, `Apellidos`, `Comentario`) VALUES
(10, 'Empresarial', ' ', ''),
(5, 'Jorge', 'Baez', ''),
(8, 'Javier', 'Cespedes', ''),
(7, 'Jhony', 'Palomino', ''),
(11, 'Alfonso ', 'Zapata', 'solo por dos dias 25/06/09 al 27/06/09');

-- --------------------------------------------------------

--
-- Estructura de tabla para la tabla `recargas`
--

CREATE TABLE IF NOT EXISTS `recargas` (
  `idRecargas` int(10) unsigned NOT NULL auto_increment,
  `idChip` int(10) unsigned NOT NULL,
  `Monto` varchar(5) default NULL,
  `Estado` varchar(5) default NULL,
  PRIMARY KEY  (`idRecargas`),
  KEY `Recargas_FKIndex1` (`idChip`)
) ENGINE=MyISAM DEFAULT CHARSET=latin1 AUTO_INCREMENT=1 ;

--
-- Volcar la base de datos para la tabla `recargas`
--


-- --------------------------------------------------------

--
-- Estructura de tabla para la tabla `rol`
--

CREATE TABLE IF NOT EXISTS `rol` (
  `idRol` int(3) NOT NULL auto_increment,
  `Nombre` varchar(25) NOT NULL,
  PRIMARY KEY  (`idRol`)
) ENGINE=MyISAM  DEFAULT CHARSET=latin1 AUTO_INCREMENT=22 ;

--
-- Volcar la base de datos para la tabla `rol`
--

INSERT INTO `rol` (`idRol`, `Nombre`) VALUES
(5, 'System Administration'),
(18, 'Jefatura'),
(16, 'Gerencia General'),
(19, 'Tecnico'),
(20, 'Administradores de chips'),
(21, 'Vendedor');

-- --------------------------------------------------------

--
-- Estructura de tabla para la tabla `rolmenu`
--

CREATE TABLE IF NOT EXISTS `rolmenu` (
  `idRol` varchar(5) NOT NULL,
  `idMenu` varchar(5) NOT NULL,
  `tagVisible` varchar(1) NOT NULL default '0',
  PRIMARY KEY  (`idRol`,`idMenu`)
) ENGINE=MyISAM DEFAULT CHARSET=latin1;

--
-- Volcar la base de datos para la tabla `rolmenu`
--

INSERT INTO `rolmenu` (`idRol`, `idMenu`, `tagVisible`) VALUES
('1', '3.03', '1'),
('1', '1.00', '1'),
('1', '1.01', '1'),
('1', '1.02', '1'),
('1', '2.00', '1'),
('1', '2.01', '0'),
('1', '2.02', '0'),
('1', '2.03', '0'),
('1', '2.04', '1'),
('1', '3.02', '1'),
('1', '6.03', '1'),
('1', '6.01', '1'),
('1', '6.00', '1'),
('1', '6.02', '1'),
('1', '5.01', '1'),
('1', '5.00', '1'),
('1', '4.03', '1'),
('1', '4.02', '1'),
('1', '4.01', '1'),
('1', '4.00', '1'),
('1', '3.01', '1'),
('1', '3.00', '1'),
('1', '3.04', '1'),
('1', '3.05', '1'),
('3', '1.00', '1'),
('5', '1.00', '1'),
('12', '1.00', '1'),
('10', '1.00', '0'),
('1', '1.03', '1'),
('1', '2.05', '1'),
('1', '2.06', '1'),
('1', '2.07', '1'),
('1', '4.04', '1'),
('1', '4.05', '1'),
('3', '1.01', '1'),
('3', '1.02', '1'),
('3', '1.03', '1'),
('3', '2.00', '1'),
('3', '2.01', '1'),
('3', '2.02', '1'),
('3', '2.03', '1'),
('3', '2.04', '1'),
('3', '2.05', '1'),
('3', '2.06', '1'),
('3', '2.07', '1'),
('3', '3.00', '1'),
('3', '3.01', '0'),
('3', '3.02', '0'),
('3', '3.03', '0'),
('3', '3.04', '0'),
('3', '3.05', '0'),
('3', '4.00', '0'),
('3', '4.01', '0'),
('3', '4.02', '0'),
('3', '4.03', '0'),
('3', '4.04', '0'),
('3', '4.05', '0'),
('3', '5.00', '0'),
('3', '5.01', '0'),
('3', '6.00', '0'),
('3', '6.01', '0'),
('3', '6.02', '0'),
('3', '6.03', '0'),
('5', '1.01', '1'),
('5', '1.02', '1'),
('5', '1.03', '1'),
('5', '2.00', '1'),
('5', '2.01', '1'),
('5', '2.02', '1'),
('5', '2.03', '1'),
('5', '2.04', '1'),
('5', '2.05', '1'),
('5', '2.06', '1'),
('5', '2.07', '1'),
('5', '3.00', '1'),
('5', '3.01', '1'),
('5', '3.02', '1'),
('5', '3.03', '1'),
('5', '3.04', '1'),
('5', '3.05', '1'),
('5', '4.00', '1'),
('5', '4.01', '1'),
('5', '4.02', '1'),
('5', '4.03', '1'),
('5', '4.04', '0'),
('5', '4.05', '1'),
('5', '5.00', '0'),
('5', '5.01', '0'),
('5', '6.00', '1'),
('5', '6.01', '1'),
('5', '6.02', '1'),
('5', '6.03', '1'),
('16', 'Total', '0'),
('16', '1.00', '1'),
('16', '1.01', '1'),
('16', '1.02', '1'),
('16', '1.03', '1'),
('16', '2.00', '1'),
('16', '2.01', '1'),
('16', '2.02', '1'),
('16', '2.03', '1'),
('16', '2.04', '1'),
('16', '2.05', '1'),
('16', '2.06', '1'),
('16', '2.07', '1'),
('16', '3.00', '1'),
('16', '3.01', '1'),
('16', '3.02', '1'),
('16', '3.03', '0'),
('16', '3.04', '1'),
('16', '3.05', '1'),
('16', '4.00', '1'),
('16', '4.01', '1'),
('16', '4.02', '1'),
('16', '4.03', '1'),
('16', '4.04', '0'),
('16', '4.05', '1'),
('16', '5.00', '0'),
('16', '5.01', '0'),
('16', '6.00', '1'),
('16', '6.01', '1'),
('16', '6.02', '1'),
('16', '6.03', '1'),
('18', 'Total', '0'),
('18', '1.00', '1'),
('18', '1.01', '1'),
('18', '1.02', '1'),
('18', '1.03', '1'),
('18', '2.00', '1'),
('18', '2.01', '1'),
('18', '2.02', '1'),
('18', '2.03', '1'),
('18', '2.04', '1'),
('18', '2.05', '1'),
('18', '2.06', '1'),
('18', '2.07', '1'),
('18', '3.00', '0'),
('18', '3.01', '0'),
('18', '3.02', '0'),
('18', '3.03', '0'),
('18', '3.04', '0'),
('18', '3.05', '0'),
('18', '4.00', '0'),
('18', '4.01', '0'),
('18', '4.02', '0'),
('18', '4.03', '0'),
('18', '4.04', '0'),
('18', '4.05', '0'),
('18', '5.00', '0'),
('18', '5.01', '0'),
('18', '6.00', '0'),
('18', '6.01', '0'),
('18', '6.02', '0'),
('18', '6.03', '0'),
('5', 'Total', '0'),
('16', '2.08', '1'),
('5', '2.08', '1'),
('20', 'Total', '0'),
('20', '1.00', '1'),
('20', '1.01', '1'),
('20', '1.02', '1'),
('20', '1.03', '1'),
('20', '2.00', '1'),
('20', '2.01', '1'),
('20', '2.02', '1'),
('20', '2.03', '1'),
('20', '2.04', '1'),
('20', '2.05', '1'),
('20', '2.06', '1'),
('20', '2.07', '1'),
('20', '2.08', '1'),
('20', '3.00', '1'),
('20', '3.01', '0'),
('20', '3.02', '1'),
('20', '3.03', '0'),
('20', '3.04', '0'),
('20', '3.05', '0'),
('20', '4.00', '1'),
('20', '4.01', '1'),
('20', '4.02', '1'),
('20', '4.03', '1'),
('20', '4.04', '0'),
('20', '4.05', '1'),
('20', '5.00', '0'),
('20', '5.01', '0'),
('20', '6.00', '1'),
('20', '6.01', '0'),
('20', '6.02', '0'),
('20', '6.03', '1'),
('5', '4.06', '1'),
('20', '4.06', '1'),
('5', '4.07', '1'),
('16', '4.06', '0'),
('16', '4.07', '1'),
('20', '4.07', '1'),
('5', '4.08', '1'),
('16', '4.08', '1'),
('20', '4.08', '1');

-- --------------------------------------------------------

--
-- Estructura de tabla para la tabla `ticketpago`
--

CREATE TABLE IF NOT EXISTS `ticketpago` (
  `idTicketPago` int(10) unsigned NOT NULL auto_increment,
  `idUsuarioChip` int(10) unsigned NOT NULL,
  `FechaPago` varchar(70) default NULL,
  `Estado` varchar(20) default NULL,
  `Monto` varchar(50) default NULL,
  `actividad` varchar(50) default NULL,
  `NumOperacion` varchar(20) default NULL,
  `Comentario` varchar(150) default NULL,
  PRIMARY KEY  (`idTicketPago`),
  KEY `TicketPago_FKIndex1` (`idUsuarioChip`)
) ENGINE=MyISAM  DEFAULT CHARSET=latin1 AUTO_INCREMENT=44 ;

--
-- Volcar la base de datos para la tabla `ticketpago`
--

INSERT INTO `ticketpago` (`idTicketPago`, `idUsuarioChip`, `FechaPago`, `Estado`, `Monto`, `actividad`, `NumOperacion`, `Comentario`) VALUES
(1, 60, '', '1', '', NULL, '', ''),
(2, 61, '', '1', '', NULL, '', ''),
(3, 62, '17/06/09', '1', '350', NULL, '1024', ''),
(4, 63, '10/06/09', '1', '120', NULL, '15025', ''),
(5, 64, '10/06/09', '1', '250', NULL, '150', ''),
(6, 65, '03/06/09', '1', '', NULL, '1520', ''),
(7, 66, '12/06/09', '1', '', NULL, '150', ''),
(8, 67, '10/06/09', '1', '', NULL, '41323', ''),
(9, 68, '11/06/09', '1', '', NULL, '1452', ''),
(10, 69, '02/06/09', '1', '', NULL, '150', ''),
(11, 70, '17/06/09', '1', '', NULL, '150', ''),
(12, 71, '10/06/09', '1', 'fgdfgdfgf', NULL, '1025', ''),
(13, 72, '17/06/09', '1', '150', NULL, '1520', ''),
(14, 73, '', '1', '', NULL, '', ''),
(15, 84, '10/06/09', '1', '250', NULL, '454455454', ''),
(16, 85, '11/06/09', '1', '250', NULL, '455454', ''),
(17, 86, '18/06/09', '1', '250', NULL, '5477', ''),
(18, 87, '17/06/09', '1', '555', NULL, '4554545', ''),
(19, 88, '10/06/09', '1', '123', NULL, '4545', ''),
(20, 101, '01/06/09', '1', '250', NULL, '5234', ''),
(21, 115, '18/06/09', '1', '125', NULL, '455678', 'uyututyu'),
(22, 233, NULL, '0', '125', NULL, NULL, NULL),
(23, 234, NULL, '0', '25', NULL, NULL, NULL),
(24, 235, NULL, '0', '50', NULL, NULL, NULL),
(25, 236, NULL, '0', '100', NULL, NULL, NULL),
(26, 237, NULL, '0', '125', NULL, NULL, NULL),
(27, 238, NULL, '0', '25', NULL, NULL, NULL),
(28, 239, NULL, '0', '125', NULL, NULL, NULL),
(29, 240, NULL, '0', '75', NULL, NULL, NULL),
(30, 241, NULL, '0', '50', NULL, NULL, NULL),
(31, 242, NULL, '0', '100', NULL, NULL, NULL),
(32, 243, NULL, '0', '75', NULL, NULL, NULL),
(33, 244, NULL, '0', '125', NULL, NULL, NULL),
(34, 245, NULL, '0', '125', NULL, NULL, NULL),
(35, 246, NULL, '0', '125', NULL, NULL, NULL),
(36, 247, NULL, '0', '125', NULL, NULL, NULL),
(37, 248, NULL, '0', '125', NULL, NULL, NULL),
(38, 249, NULL, '0', '212.5', NULL, NULL, NULL),
(39, 250, NULL, '0', '75', NULL, NULL, NULL),
(40, 251, NULL, '0', '250', NULL, NULL, NULL),
(41, 252, NULL, '0', '50', NULL, NULL, NULL),
(42, 253, NULL, '0', '145', NULL, NULL, NULL),
(43, 254, NULL, '0', '95', NULL, NULL, NULL);

-- --------------------------------------------------------

--
-- Estructura de tabla para la tabla `tipocliente`
--

CREATE TABLE IF NOT EXISTS `tipocliente` (
  `idTipoCliente` int(10) unsigned NOT NULL auto_increment,
  `Nombre` varchar(50) default NULL,
  PRIMARY KEY  (`idTipoCliente`)
) ENGINE=MyISAM  DEFAULT CHARSET=latin1 AUTO_INCREMENT=3 ;

--
-- Volcar la base de datos para la tabla `tipocliente`
--

INSERT INTO `tipocliente` (`idTipoCliente`, `Nombre`) VALUES
(1, 'Sistema'),
(2, 'Clientes');

-- --------------------------------------------------------

--
-- Estructura de tabla para la tabla `usuariochip`
--

CREATE TABLE IF NOT EXISTS `usuariochip` (
  `idUsuarioChip` int(10) unsigned NOT NULL auto_increment,
  `idTipoCliente` int(10) unsigned NOT NULL,
  `idDatosCliente` int(10) unsigned NOT NULL,
  `Chip_idChip` int(10) unsigned NOT NULL,
  `FechaInicio` varchar(25) default NULL,
  `FechaFin` varchar(25) default NULL,
  `Estado` varchar(5) default NULL,
  `Baja` varchar(10) default NULL,
  PRIMARY KEY  (`idUsuarioChip`),
  KEY `UsuarioChip_FKIndex1` (`Chip_idChip`),
  KEY `UsuarioChip_FKIndex2` (`idDatosCliente`),
  KEY `UsuarioChip_FKIndex3` (`idTipoCliente`)
) ENGINE=MyISAM  DEFAULT CHARSET=latin1 AUTO_INCREMENT=493 ;

--
-- Volcar la base de datos para la tabla `usuariochip`
--

INSERT INTO `usuariochip` (`idUsuarioChip`, `idTipoCliente`, `idDatosCliente`, `Chip_idChip`, `FechaInicio`, `FechaFin`, `Estado`, `Baja`) VALUES
(8, 1, 13, 10, '16/05/09 12:21', '22/05/09 10:52', '0', '1'),
(7, 1, 5, 7, '16/05/09 12:21', '17/05/09 19:00', '0', '1'),
(5, 1, 7, 6, '16/05/09 12:21', '22/05/09 12:54', '0', '1'),
(6, 1, 11, 8, '16/05/09 12:21', '22/05/09 17:12', '0', '1'),
(9, 1, 12, 9, '16/05/09 12:21', '19/05/09 10:35', '0', '1'),
(10, 1, 5, 7, '17/05/09 19:01', '18/05/09 21:16', '0', '1'),
(11, 1, 2, 12, '19/05/09 17:46', '19/05/09 17:48', '0', '1'),
(12, 1, 2, 12, '19/05/09 17:46', '19/05/09 17:48', '0', '1'),
(13, 1, 2, 12, '18/05/09 05:04', '19/05/09 17:49', '0', '1'),
(14, 1, 2, 12, '18/05/09 05:04', '19/05/09 17:49', '0', '1'),
(15, 1, 2, 12, '18/05/09 03:03', '19/05/09 17:51', '0', '1'),
(16, 1, 1, 9, '20/05/09 05:05', '22/05/09 12:44', '0', '1'),
(17, 1, 1, 6, '20/05/09 10:11', '22/05/09 17:33', '0', '1'),
(18, 1, 1, 6, '21/05/09 13:11', '22/05/09 17:39', '0', '1'),
(19, 1, 1, 6, '20/05/09 14:10', '22/05/09 17:53', '0', '1'),
(20, 1, 1, 6, '20/05/09 06:20', '21/05/2009 23:59', '0', '1'),
(21, 1, 1, 6, '21/05/09 07:07', '21/05/2009 23:59', '0', '1'),
(22, 1, 2, 8, '20/05/09 08:09', '21/05/2009 23:59', '0', '1'),
(23, 1, 1, 6, '21/05/09 01:01', '21/05/2009 23:59', '0', '1'),
(24, 1, 2, 8, '21/05/09 01:01', '21/05/2009 23:59', '0', '1'),
(25, 1, 1, 6, '21/05/09 01:01', '21/05/2009 23:59', '0', '1'),
(26, 1, 2, 8, '21/05/09 01:01', '21/05/2009 23:59', '0', '1'),
(27, 1, 1, 6, '21/05/09 01:01', '21/05/2009 23:59', '0', '1'),
(28, 1, 2, 8, '21/05/09 01:01', '21/05/2009 23:59', '0', '1'),
(29, 1, 1, 6, '21/05/09 01:01', '14/05/2009 23:59', '0', '1'),
(30, 1, 2, 8, '21/05/09 01:01', '14/05/2009 23:59', '0', '1'),
(31, 1, 1, 6, '14/05/09 23:59', '23/05/09 16:51', '0', '1'),
(32, 1, 2, 8, '14/05/09 23:59', '23/05/09 16:49', '0', '1'),
(33, 1, 1, 19, '23/05/09 16:10', '29/05/09 12:38', '0', '1'),
(34, 1, 3, 18, '23/05/09 16:10', '29/05/09 13:01', '0', '1'),
(35, 1, 7, 20, '23/05/09 16:10', '29/05/09 13:07', '0', '1'),
(36, 1, 2, 21, '23/05/09 16:10', '29/05/09 13:00', '0', '1'),
(37, 1, 5, 22, '23/05/09 16:10', '29/05/09 13:05', '0', '1'),
(38, 1, 6, 26, '23/05/09 16:10', '29/05/09 13:07', '0', '1'),
(39, 1, 8, 23, '23/05/09 16:10', '29/05/09 13:08', '0', '1'),
(40, 1, 4, 24, '23/05/09 16:10', '29/05/09 13:03', '0', '1'),
(41, 1, 9, 25, '23/05/09 16:10', '29/05/09 13:20', '0', '1'),
(42, 1, 15, 27, '23/05/09 16:50', '29/05/09 13:10', '0', '1'),
(43, 1, 16, 28, '23/05/09 16:50', '29/05/09 13:11', '0', '1'),
(44, 1, 17, 29, '29/05/09 13:00', '02/06/09 13:16', '0', '1'),
(45, 1, 18, 30, '29/05/09 13:00', '02/06/09 13:16', '0', '1'),
(46, 1, 19, 31, '29/05/09 13:00', '02/06/09 13:16', '0', '1'),
(47, 1, 20, 32, '29/05/09 13:00', '02/06/09 13:13', '0', '1'),
(48, 1, 21, 33, '29/05/09 13:00', '02/06/09 13:12', '0', '1'),
(49, 1, 22, 34, '29/05/09 13:00', '02/06/09 13:11', '0', '1'),
(50, 1, 23, 35, '29/05/09 13:00', '02/06/09 13:11', '0', '1'),
(51, 1, 24, 36, '29/05/09 13:00', '02/06/09 13:10', '0', '1'),
(52, 1, 13, 37, '29/05/09 13:00', '02/06/09 13:14', '0', '1'),
(53, 1, 14, 38, '29/05/09 13:00', '02/06/09 13:19', '0', '1'),
(54, 1, 15, 39, '29/05/09 13:00', '02/06/09 13:19', '0', '1'),
(55, 1, 16, 28, '29/05/09 13:00', '02/06/09 13:19', '0', '1'),
(56, 1, 1, 40, '29/05/09 20:00', '29/05/09 20:06', '0', '1'),
(57, 1, 1, 40, '29/05/09 20:00', '29/05/09 20:06', '0', '1'),
(58, 1, 1, 40, '29/05/09 20:00', '29/05/09 20:07', '0', '1'),
(59, 1, 4, 6, '29/05/09 20:27', '29/05/09 20:28', '0', '1'),
(60, 2, 1, 0, '09/06/09 20:08', '', '1', '0'),
(61, 2, 1, 0, '11/06/09 20:08', '', '1', '0'),
(62, 2, 0, 0, ' 20:10', '', '1', '0'),
(63, 2, 1, 0, '16/06/09 20:14', '', '1', '0'),
(64, 2, 1, 43, '03/06/09 20:15', '', '1', '0'),
(65, 2, 2, 0, '03/06/09 20:16', '', '1', '0'),
(66, 2, 0, 0, ' 20:16', '', '1', '0'),
(67, 2, 1, 0, ' 20:16', '', '1', '0'),
(68, 2, 0, 0, ' 20:16', '', '1', '0'),
(69, 2, 0, 0, ' 20:16', '', '1', '0'),
(70, 2, 0, 0, ' 20:16', '', '1', '0'),
(71, 2, 1, 43, '16/06/09 20:44', '', '1', '0'),
(72, 2, 1, 43, '17/06/09 20:46', '', '1', '0'),
(73, 2, 1, 43, '03/06/09 20:47', '', '1', '0'),
(74, 1, 7, 45, '30/05/09 20:20', '02/06/09 13:22', '0', '1'),
(75, 1, 11, 46, '30/05/09 20:20', '02/06/09 13:21', '0', '1'),
(76, 1, 2, 47, '30/05/09 20:20', '02/06/09 13:22', '0', '1'),
(77, 1, 10, 49, '30/05/09 20:20', '02/06/09 13:21', '0', '1'),
(78, 1, 5, 50, '30/05/09 20:20', '02/06/09 13:20', '0', '1'),
(79, 1, 6, 51, '30/05/09 20:20', '02/06/09 13:20', '0', '1'),
(80, 1, 1, 52, '30/05/09 20:20', '02/06/09 13:22', '0', '1'),
(81, 1, 12, 53, '30/05/09 20:20', '02/06/09 13:13', '0', '1'),
(82, 1, 9, 54, '30/05/09 20:20', '02/06/09 13:21', '0', '1'),
(83, 1, 4, 48, '30/05/09 20:20', '02/06/09 13:18', '0', '1'),
(84, 2, 1, 45, '10/06/09 16:14', '', '1', '0'),
(85, 2, 1, 46, '09/06/09 16:15', '', '1', '0'),
(86, 2, 1, 55, '09/06/09 16:21', '', '1', '0'),
(87, 2, 1, 56, '03/06/09 16:23', '', '1', '0'),
(88, 2, 1, 57, '09/06/09 16:26', '', '2', '1'),
(89, 1, 1, 52, '02/06/09 01:05', '02/06/09 19:56', '0', '1'),
(90, 1, 2, 47, '02/06/09 13:06', '04/06/09 10:59', '0', '1'),
(91, 1, 4, 48, '02/06/09 13:05', '04/06/09 11:17', '0', '1'),
(92, 1, 5, 50, '02/06/09 13:14', '05/06/09 11:24', '0', '1'),
(93, 1, 6, 51, '02/06/09 13:10', '05/06/09 10:57', '0', '1'),
(94, 1, 7, 45, '02/06/09 13:12', '04/06/09 11:47', '0', '1'),
(95, 1, 9, 54, '02/06/09 13:19', '04/06/09 12:09', '0', '1'),
(96, 1, 10, 49, '02/06/09 13:18', '04/06/09 12:16', '0', '1'),
(97, 1, 11, 46, '02/06/09 13:22', '05/06/09 11:01', '0', '1'),
(98, 1, 12, 53, '02/06/09 13:20', '05/06/09 11:01', '0', '1'),
(194, 1, 12, 53, '08/06/09 11:43', '09/06/09 19:58', '0', '1'),
(100, 1, 1, 52, '02/06/09 13:07', '05/06/09 10:53', '0', '1'),
(101, 2, 1, 58, '17/06/09 10:21', '', '1', '0'),
(102, 1, 13, 60, '03/06/09 10:17', '04/06/09 11:39', '0', '1'),
(103, 1, 14, 61, '03/06/09 10:16', '04/06/09 11:39', '0', '1'),
(104, 1, 15, 62, '03/06/09 10:19', '04/06/09 12:30', '0', '1'),
(105, 1, 16, 63, '03/06/09 10:21', '04/06/09 12:32', '0', '1'),
(106, 1, 17, 68, '03/06/09 10:24', '03/06/09 18:33', '0', '1'),
(107, 1, 20, 69, '03/06/09 10:32', '04/06/09 12:32', '0', '1'),
(108, 1, 22, 70, '03/06/09 10:35', '04/06/09 12:33', '0', '1'),
(109, 1, 18, 65, '03/06/09 10:31', '04/06/09 12:32', '0', '1'),
(110, 1, 19, 66, '03/06/09 10:25', '04/06/09 12:32', '0', '1'),
(111, 1, 23, 67, '03/06/09 10:38', '03/06/09 18:34', '0', '1'),
(112, 1, 24, 64, '03/06/09 10:41', '04/06/09 12:33', '0', '1'),
(113, 1, 3, 71, '03/06/09 09:56', '05/06/09 11:25', '0', '1'),
(114, 1, 8, 72, '03/06/09 10:05', '04/06/09 11:50', '0', '1'),
(115, 2, 1, 76, '10/06/09 20:50', '', '1', '0'),
(116, 1, 2, 47, '04/06/09 10:31', '05/06/09 10:55', '0', '1'),
(117, 1, 2, 47, '04/06/09 10:31', '09/06/09 19:14', '0', '1'),
(118, 1, 4, 48, '04/06/09 10:55', '05/06/09 10:56', '0', '1'),
(119, 1, 13, 98, '04/06/09 11:41', '05/06/09 11:02', '0', '1'),
(120, 1, 14, 100, '04/06/09 11:41', '05/06/09 11:05', '0', '1'),
(121, 1, 14, 100, '04/06/09 11:41', '06/06/09 11:41', '0', '1'),
(122, 1, 7, 45, '04/06/09 11:02', '05/06/09 10:58', '0', '1'),
(123, 1, 7, 45, '04/06/09 11:02', '09/06/09 19:42', '0', '1'),
(124, 1, 8, 72, '04/06/09 11:00', '05/06/09 10:58', '0', '1'),
(125, 1, 9, 54, '04/06/09 10:32', '05/06/09 10:59', '0', '1'),
(126, 1, 9, 54, '04/06/09 10:32', '09/06/09 19:55', '0', '1'),
(127, 1, 10, 49, '04/06/09 10:35', '05/06/09 11:00', '0', '1'),
(128, 1, 24, 123, '04/06/09 13:00', '04/06/09 12:55', '0', '1'),
(129, 1, 24, 123, '04/06/09 13:00', '04/06/09 12:55', '0', '1'),
(130, 1, 24, 123, '04/06/09 13:00', '04/06/09 12:57', '0', '1'),
(131, 1, 1, 52, '05/06/09 10:28', '09/06/09 18:05', '0', '1'),
(132, 1, 1, 52, '05/06/09 10:28', '09/06/09 18:06', '0', '1'),
(133, 1, 2, 47, '05/06/09 10:26', '09/06/09 19:36', '0', '1'),
(134, 1, 2, 47, '05/06/09 10:26', '09/06/09 19:36', '0', '1'),
(135, 1, 4, 48, '05/06/09 10:24', '09/06/09 19:15', '0', '1'),
(136, 1, 4, 48, '05/06/09 10:24', '09/06/09 19:47', '0', '1'),
(137, 1, 6, 51, '05/06/09 10:20', '09/06/09 19:16', '0', '1'),
(138, 1, 6, 51, '05/06/09 10:20', '09/06/09 19:53', '0', '1'),
(139, 1, 7, 45, '05/06/09 10:23', '09/06/09 19:43', '0', '1'),
(140, 1, 7, 45, '05/06/09 10:23', '09/06/09 19:44', '0', '1'),
(141, 1, 7, 45, '05/06/09 10:23', '09/06/09 19:44', '0', '1'),
(142, 1, 9, 54, '05/06/09 10:31', '09/06/09 19:56', '0', '1'),
(143, 1, 9, 54, '05/06/09 10:31', '09/06/09 19:57', '0', '1'),
(144, 1, 10, 49, '05/06/09 10:36', '09/06/09 19:38', '0', '1'),
(145, 1, 10, 49, '05/06/09 10:36', '09/06/09 19:40', '0', '1'),
(146, 1, 11, 46, '05/06/09 10:37', '09/06/09 18:24', '0', '1'),
(147, 1, 11, 46, '05/06/09 10:37', '09/06/09 18:27', '0', '1'),
(149, 1, 12, 53, '05/06/09 10:32', '08/06/09 11:36', '0', '1'),
(150, 1, 13, 98, '05/06/09 10:38', '06/06/09 11:41', '0', '1'),
(151, 1, 13, 98, '05/06/09 10:38', '06/06/09 11:41', '0', '1'),
(152, 1, 14, 100, '05/06/09 10:34', '06/06/09 12:18', '0', '1'),
(153, 1, 8, 72, '05/06/09 10:21', '05/06/09 12:13', '0', '1'),
(154, 1, 8, 72, '05/06/09 10:21', '05/06/09 12:16', '0', '1'),
(155, 1, 5, 50, '05/06/09 11:14', '09/06/09 19:17', '0', '1'),
(156, 1, 5, 50, '05/06/09 11:14', '09/06/09 19:51', '0', '1'),
(157, 1, 3, 71, '05/06/09 10:40', '05/06/09 12:12', '0', '1'),
(158, 1, 3, 83, '05/06/09 10:40', '06/06/09 12:06', '0', '1'),
(159, 1, 3, 83, '05/06/09 10:40', '06/06/09 12:14', '0', '1'),
(161, 1, 8, 103, '05/06/09 10:21', '06/06/09 12:07', '0', '1'),
(162, 1, 17, 60, '05/06/09 16:42', '05/06/09 16:52', '0', '1'),
(163, 1, 18, 61, '05/06/09 16:43', '05/06/09 16:52', '0', '1'),
(164, 1, 19, 63, '05/06/09 16:43', '05/06/09 16:52', '0', '1'),
(165, 1, 20, 62, '05/06/09 16:43', '05/06/09 16:52', '0', '1'),
(166, 1, 20, 62, '05/06/09 16:43', '05/06/09 16:56', '0', '1'),
(167, 1, 20, 62, '05/06/09 16:43', '06/06/09 9:39', '0', '1'),
(168, 1, 20, 62, '05/06/09 16:43', '08/06/09 11:51', '0', '1'),
(169, 1, 20, 62, '05/06/09 16:43', '08/06/09 14:22', '0', '1'),
(170, 1, 17, 60, '05/06/09 16:44', '06/06/09 9:39', '0', '1'),
(171, 1, 18, 61, '05/06/09 16:44', '06/06/09 9:39', '0', '1'),
(172, 1, 19, 63, '05/06/09 16:44', '06/06/09 9:39', '0', '1'),
(173, 1, 20, 62, '05/06/09 16:44', '08/06/09 16:23', '0', '1'),
(174, 1, 21, 66, '05/06/09 19:00', '06/06/09 9:39', '0', '1'),
(175, 1, 23, 64, '05/06/09 19:00', '06/06/09 9:40', '0', '1'),
(176, 1, 22, 69, '05/06/09 19:00', '06/06/09 9:39', '0', '1'),
(177, 1, 15, 179, '06/06/09 09:34', '09/06/09 9:39', '0', '1'),
(178, 1, 16, 174, '06/06/09 09:34', '09/06/09 9:40', '0', '1'),
(179, 1, 17, 173, '06/06/09 09:34', '09/06/09 9:40', '0', '1'),
(180, 1, 18, 175, '06/06/09 09:34', '09/06/09 9:41', '0', '1'),
(181, 1, 19, 178, '06/06/09 09:34', '09/06/09 9:42', '0', '1'),
(183, 1, 21, 160, '06/06/09 09:34', '09/06/09 9:42', '0', '1'),
(184, 1, 22, 155, '06/06/09 09:34', '09/06/09 9:43', '0', '1'),
(185, 1, 23, 158, '06/06/09 09:34', '09/06/09 9:43', '0', '1'),
(186, 1, 23, 158, '06/06/09 09:34', '09/06/09 22:03', '0', '1'),
(187, 1, 24, 176, '06/06/09 12:09', '08/06/09 12:54', '0', '1'),
(188, 1, 3, 156, '06/06/09 12:09', '08/06/09 14:42', '0', '1'),
(190, 1, 8, 157, '06/06/09 12:10', '08/06/09 13:03', '0', '1'),
(191, 1, 13, 161, '06/06/09 12:13', '09/06/09 9:38', '0', '1'),
(192, 1, 14, 162, '06/06/09 12:11', '09/06/09 9:38', '0', '1'),
(193, 1, 14, 162, '06/06/09 12:11', '09/06/09 16:59', '0', '1'),
(212, 1, 20, 177, '08/06/09 14:26', '08/06/09 17:37', '0', '1'),
(196, 1, 24, 169, '08/06/09 12:55', '09/06/09 9:44', '0', '1'),
(197, 1, 24, 169, '08/06/09 12:55', '09/06/09 15:52', '0', '1'),
(198, 1, 8, 171, '08/06/09 13:05', '09/06/09 9:38', '0', '1'),
(199, 1, 3, 159, '08/06/09 14:44', '09/06/09 9:38', '0', '1'),
(254, 2, 13, 153, '10/05/09 20:57', '', '2', '1'),
(383, 1, 24, 227, '09/06/09 22:08', '10/06/09 12:09', '0', '1'),
(232, 1, 20, 177, '08/06/09 14:26', '09/06/09 9:42', '0', '1'),
(233, 2, 4, 129, '27/04/09 19:20', '', '2', '1'),
(234, 2, 5, 136, ' 19:22', '', '2', '1'),
(235, 2, 6, 138, '28/04/09 19:23', '', '2', '1'),
(236, 2, 7, 144, '04/04/09 19:25', '', '2', '1'),
(237, 2, 8, 145, ' 19:26', '', '2', '1'),
(238, 2, 9, 147, '09/05/09 19:39', '', '2', '1'),
(240, 2, 12, 152, '28/04/09 19:55', '', '2', '1'),
(242, 2, 15, 86, '22/04/09 20:04', '', '2', '1'),
(243, 2, 16, 91, '30/04/09 20:13', '', '2', '1'),
(244, 2, 17, 92, '09/05/09 20:16', '', '2', '1'),
(245, 2, 18, 96, ' 20:19', '', '2', '1'),
(246, 2, 19, 97, ' 20:22', '', '2', '1'),
(247, 2, 20, 99, ' 20:23', '', '2', '1'),
(248, 2, 21, 106, '04/05/09 20:24', '', '2', '1'),
(249, 2, 22, 108, '30/04/09 20:27', '', '2', '1'),
(380, 1, 23, 225, '09/06/09 22:01', '10/06/09 11:48', '0', '1'),
(252, 2, 4, 120, ' 20:55', '', '2', '1'),
(255, 1, 3, 189, '09/06/09 09:38', '09/06/09 9:48', '0', '1'),
(256, 1, 3, 189, '09/06/09 09:38', '09/06/09 9:49', '0', '1'),
(257, 1, 3, 189, '09/06/09 09:38', '09/06/09 9:49', '0', '1'),
(258, 1, 3, 189, '09/06/09 09:38', '09/06/09 9:49', '0', '1'),
(259, 1, 24, 171, '09/06/09 10:20', '09/06/09 22:04', '0', '1'),
(260, 1, 3, 159, '09/06/09 10:21', '09/06/09 12:14', '0', '1'),
(261, 1, 8, 169, '09/06/09 10:22', '09/06/09 16:03', '0', '1'),
(262, 1, 13, 170, '09/06/09 11:38', '09/06/09 12:15', '0', '1'),
(263, 1, 15, 179, '09/06/09 10:31', '09/06/09 16:18', '0', '1'),
(264, 1, 13, 170, '09/06/09 11:38', '09/06/09 16:36', '0', '1'),
(379, 1, 12, 216, '10/06/09 12:24', '12/06/09 12:56', '0', '1'),
(266, 1, 3, 159, '09/06/09 10:22', '09/06/09 22:01', '0', '1'),
(267, 1, 8, 169, '09/06/09 10:25', '09/06/09 21:48', '0', '1'),
(268, 1, 8, 169, '09/06/09 10:25', '09/06/09 22:24', '0', '1'),
(381, 1, 24, 227, '09/06/09 22:00', '10/06/09 12:04', '0', '1'),
(270, 1, 13, 170, '09/06/09 16:38', '09/06/09 21:51', '0', '1'),
(271, 1, 21, 160, '09/06/09 10:43', '09/06/09 21:56', '0', '1'),
(272, 1, 15, 179, '09/06/09 16:22', '09/06/09 22:05', '0', '1'),
(273, 1, 16, 174, '09/06/09 16:25', '09/06/09 21:46', '0', '1'),
(274, 1, 17, 173, '09/06/09 10:35', '09/06/09 21:53', '0', '1'),
(275, 1, 18, 175, '09/06/09 10:36', '09/06/09 22:03', '0', '1'),
(276, 1, 19, 178, '09/06/09 10:45', '09/06/09 22:00', '0', '1'),
(277, 1, 20, 177, '09/06/09 10:48', '09/06/09 21:57', '0', '1'),
(278, 1, 22, 164, '09/06/09 11:42', '09/06/09 21:55', '0', '1'),
(382, 1, 24, 227, '09/06/09 22:08', '10/06/09 12:06', '0', '1'),
(280, 1, 23, 167, '09/06/09 11:43', '10/06/09 11:28', '0', '1'),
(281, 1, 1, 132, '09/06/09 18:08', '16/06/09 16:18', '0', '1'),
(282, 1, 11, 118, '09/06/09 18:23', '09/06/09 18:28', '0', '1'),
(283, 1, 11, 118, '09/06/09 18:23', '09/06/09 18:28', '0', '1'),
(284, 1, 11, 118, '09/06/09 18:23', '09/06/09 18:28', '0', '1'),
(285, 1, 11, 118, '09/06/09 18:23', '09/06/09 18:29', '0', '1'),
(392, 1, 24, 227, '10/06/09 15:01', '10/06/09 12:35', '0', '1'),
(288, 1, 2, 137, '09/06/09 19:13', '', '1', '1'),
(289, 1, 2, 137, '09/06/09 19:13', '', '1', '1'),
(290, 1, 2, 137, '09/06/09 19:13', '', '1', '1'),
(291, 1, 2, 137, '09/06/09 19:13', '16/06/09 16:18', '0', '1'),
(408, 1, 7, 146, '11/06/09 18:08', '14/06/09 19:32', '0', '1'),
(407, 1, 3, 98, '11/06/09 18:22', '13/06/09 16:26', '0', '1'),
(295, 1, 7, 139, '09/06/09 19:43', '', '1', '1'),
(296, 1, 7, 139, '09/06/09 19:43', '', '1', '1'),
(297, 1, 7, 139, '09/06/09 19:43', '', '1', '1'),
(298, 1, 7, 139, '09/06/09 19:43', '11/06/09 17:07', '0', '1'),
(299, 1, 4, 128, '09/06/09 19:15', '', '1', '1'),
(300, 1, 4, 128, '09/06/09 19:15', '16/06/09 16:19', '0', '1'),
(301, 1, 5, 140, '09/06/09 19:16', '', '1', '1'),
(302, 1, 5, 140, '09/06/09 19:16', '16/06/09 12:41', '0', '1'),
(303, 1, 6, 141, '09/06/09 19:18', '', '1', '1'),
(304, 1, 6, 141, '09/06/09 19:18', '', '1', '1'),
(305, 1, 6, 141, '09/06/09 19:18', '15/06/09 18:20', '0', '1'),
(306, 1, 9, 146, '09/06/09 19:56', '09/06/09 22:13', '0', '1'),
(307, 1, 9, 146, '09/06/09 19:56', '', '1', '1'),
(308, 1, 9, 146, '09/06/09 19:56', '', '1', '1'),
(309, 1, 9, 146, '09/06/09 19:56', '09/06/09 22:12', '0', '1'),
(310, 1, 12, 112, '09/06/09 20:00', '09/06/09 20:00', '0', '1'),
(311, 1, 12, 112, '09/06/09 20:00', '09/06/09 20:01', '0', '1'),
(312, 1, 12, 112, '09/06/09 20:00', '09/06/09 20:01', '0', '1'),
(313, 1, 12, 112, '09/06/09 20:00', '09/06/09 20:03', '0', '1'),
(314, 1, 12, 112, '09/06/09 20:00', '09/06/09 20:03', '0', '1'),
(315, 1, 12, 112, '09/06/09 20:00', '09/06/09 20:03', '0', '1'),
(316, 1, 12, 112, '09/06/09 20:00', '09/06/09 20:04', '0', '1'),
(317, 1, 12, 112, '09/06/09 20:00', '09/06/09 20:04', '0', '1'),
(318, 1, 12, 112, '09/06/09 20:00', '09/06/09 20:04', '0', '1'),
(319, 1, 12, 112, '09/06/09 20:00', '09/06/09 20:04', '0', '1'),
(320, 1, 12, 112, '09/06/09 20:00', '09/06/09 20:04', '0', '1'),
(321, 1, 12, 112, '09/06/09 20:00', '09/06/09 20:05', '0', '1'),
(322, 1, 12, 112, '09/06/09 20:00', '09/06/09 20:05', '0', '1'),
(323, 1, 12, 112, '09/06/09 20:00', '09/06/09 20:05', '0', '1'),
(324, 1, 12, 112, '09/06/09 20:00', '09/06/09 20:06', '0', '1'),
(325, 1, 12, 104, '09/06/09 20:05', '09/06/09 21:35', '0', '1'),
(327, 1, 12, 104, '09/06/09 20:05', '10/06/09 11:22', '0', '1'),
(391, 1, 24, 227, '10/06/09 23:01', '10/06/09 12:32', '0', '1'),
(389, 1, 24, 227, '10/06/09 14:01', '10/06/09 12:30', '0', '1'),
(388, 1, 24, 227, '10/06/09 22:00', '10/06/09 12:27', '0', '1'),
(387, 1, 24, 227, '09/06/09 22:01', '10/06/09 12:26', '0', '1'),
(386, 1, 14, 218, '10/06/09 13:08', '12/06/09 12:57', '0', '1'),
(385, 1, 14, 218, '10/06/09 13:08', '10/06/09 12:14', '0', '1'),
(384, 1, 23, 225, '10/06/09 13:04', '12/06/09 13:05', '0', '1'),
(341, 1, 11, 118, '09/06/09 21:40', '10/06/09 11:17', '0', '1'),
(342, 1, 16, 215, '09/06/09 21:46', '12/06/09 13:03', '0', '1'),
(343, 1, 8, 216, '09/06/09 21:49', '10/06/09 10:33', '0', '1'),
(344, 1, 13, 217, '09/06/09 21:50', '12/06/09 12:56', '0', '1'),
(345, 1, 14, 218, '09/06/09 21:52', '10/06/09 10:53', '0', '1'),
(346, 1, 17, 219, '09/06/09 21:54', '12/06/09 13:03', '0', '1'),
(347, 1, 22, 220, '09/06/09 21:55', '12/06/09 13:04', '0', '1'),
(348, 1, 21, 221, '09/06/09 21:56', '12/06/09 13:04', '0', '1'),
(349, 1, 20, 222, '09/06/09 21:57', '12/06/09 13:04', '0', '1'),
(350, 1, 19, 223, '09/06/09 22:00', '12/06/09 13:03', '0', '1'),
(351, 1, 3, 224, '09/06/09 22:01', '10/06/09 11:16', '0', '1'),
(352, 1, 23, 225, '09/06/09 22:02', '10/06/09 10:57', '0', '1'),
(353, 1, 18, 226, '09/06/09 22:04', '12/06/09 13:03', '0', '1'),
(354, 1, 24, 227, '09/06/09 22:05', '10/06/09 10:58', '0', '1'),
(355, 1, 15, 228, '09/06/09 22:06', '12/06/09 13:02', '0', '1'),
(356, 1, 9, 229, '09/06/09 22:12', '12/06/09 12:55', '0', '1'),
(359, 1, 10, 230, '09/06/09 22:14', '12/06/09 12:55', '0', '1'),
(360, 1, 8, 216, '09/06/09 21:49', '10/06/09 11:04', '0', '1'),
(362, 1, 14, 218, '09/06/09 21:52', '10/06/09 11:04', '0', '1'),
(363, 1, 14, 218, '09/06/09 21:52', '10/06/09 11:05', '0', '1'),
(364, 1, 14, 218, '09/06/09 21:52', '10/06/09 11:08', '0', '1'),
(365, 1, 14, 218, '09/06/09 21:52', '10/06/09 11:17', '0', '1'),
(366, 1, 23, 225, '09/06/09 22:02', '10/06/09 11:19', '0', '1'),
(367, 1, 23, 225, '09/06/09 22:02', '10/06/09 11:20', '0', '1'),
(368, 1, 23, 225, '09/06/09 22:02', '10/06/09 11:20', '0', '1'),
(369, 1, 23, 225, '09/06/09 22:02', '10/06/09 11:21', '0', '1'),
(370, 1, 23, 225, '09/06/09 22:02', '10/06/09 11:23', '0', '1'),
(371, 1, 23, 225, '09/06/09 22:02', '10/06/09 11:26', '0', '1'),
(372, 1, 23, 225, '09/06/09 22:02', '10/06/09 11:28', '0', '1'),
(373, 1, 23, 225, '09/06/09 22:02', '10/06/09 11:30', '0', '1'),
(374, 1, 3, 118, '10/06/09 12:16', '11/06/09 17:22', '0', '1'),
(375, 1, 8, 104, '10/06/09 12:22', '13/06/09 16:33', '0', '1'),
(376, 1, 11, 224, '10/06/09 12:20', '10/06/09 11:42', '0', '1'),
(377, 1, 11, 224, '10/06/09 12:20', '10/06/09 11:42', '0', '1'),
(378, 1, 11, 224, '10/06/09 12:20', '12/06/09 12:56', '0', '1'),
(393, 1, 24, 227, '10/06/09 15:01', '10/06/09 12:36', '0', '1'),
(394, 1, 24, 227, '10/06/09 15:01', '10/06/09 12:36', '0', '1'),
(395, 1, 24, 227, '10/06/09 15:01', '10/06/09 12:36', '0', '1'),
(396, 1, 24, 227, '10/06/09 15:01', '10/06/09 12:37', '0', '1'),
(397, 1, 24, 227, '10/06/09 13:00', '10/06/09 12:42', '0', '1'),
(398, 1, 24, 227, '10/06/09 01:00', '10/06/09 12:43', '0', '1'),
(399, 1, 24, 227, '10/06/09 01:00', '10/06/09 12:44', '0', '1'),
(400, 1, 24, 227, '10/06/09 13:02', '10/06/09 12:45', '0', '1'),
(401, 1, 24, 227, '09/06/09 13:02', '10/06/09 12:47', '0', '1'),
(402, 1, 24, 227, '10/06/09 14:02', '10/06/09 12:48', '0', '1'),
(403, 1, 24, 227, '09/06/09 15:03', '10/06/09 12:49', '0', '1'),
(404, 1, 24, 227, '10/06/09 13:21', '10/06/09 12:59', '0', '1'),
(405, 1, 24, 227, '10/06/09 22:02', '10/06/09 13:31', '0', '1'),
(406, 1, 24, 227, '10/06/09 13:21', '12/06/09 14:42', '0', '1'),
(409, 1, 9, 134, '12/06/09 15:13', '14/06/09 19:33', '0', '1'),
(410, 1, 10, 111, '12/06/09 15:14', '14/06/09 19:24', '0', '1'),
(411, 1, 11, 94, '12/06/09 15:14', '13/06/09 16:34', '0', '1'),
(412, 1, 12, 100, '12/06/09 15:14', '13/06/09 17:55', '0', '1'),
(413, 1, 13, 175, '12/06/09 16:34', '16/06/09 14:01', '0', '1'),
(414, 1, 14, 178, '12/06/09 16:34', '13/06/09 19:02', '0', '1'),
(415, 1, 15, 173, '12/06/09 16:35', '14/06/09 19:24', '0', '1'),
(416, 1, 16, 177, '12/06/09 16:36', '14/06/09 19:24', '0', '1'),
(417, 1, 17, 179, '12/06/09 16:36', '13/06/09 19:01', '0', '1'),
(418, 1, 18, 174, '12/06/09 16:37', '13/06/09 19:01', '0', '1'),
(419, 1, 19, 163, '12/06/09 16:37', '14/06/09 19:23', '0', '1'),
(420, 1, 20, 167, '12/06/09 16:38', '14/06/09 19:23', '0', '1'),
(421, 1, 21, 170, '12/06/09 16:38', '14/06/09 19:23', '0', '1'),
(422, 1, 22, 164, '12/06/09 16:39', '14/06/09 19:23', '0', '1'),
(423, 1, 23, 168, '12/06/09 16:39', '14/06/09 19:23', '0', '1'),
(424, 1, 24, 165, '12/06/09 16:39', '14/06/09 19:23', '0', '1'),
(425, 1, 3, 103, '13/06/09 18:58', '14/06/09 19:33', '0', '1'),
(426, 1, 8, 139, '13/06/09 18:58', '14/06/09 19:32', '0', '1'),
(427, 1, 11, 83, '13/06/09 18:58', '14/06/09 19:24', '0', '1'),
(428, 1, 12, 85, '13/06/09 18:58', '14/06/09 19:24', '0', '1'),
(429, 1, 3, 134, '14/06/09 19:20', '15/06/09 18:18', '0', '1'),
(430, 1, 3, 141, '15/06/09 19:22', '16/06/09 16:19', '0', '1'),
(431, 1, 1, 132, '16/06/09 13:23', '16/06/09 17:04', '0', '1'),
(432, 1, 2, 140, '16/06/09 17:24', '16/06/09 16:33', '0', '1'),
(433, 1, 3, 141, '16/06/09 16:44', '16/06/09 17:04', '0', '1'),
(434, 1, 4, 128, '16/06/09 16:45', '16/06/09 17:04', '0', '1'),
(435, 1, 2, 140, '16/06/09 17:24', '16/06/09 17:04', '0', '1'),
(436, 1, 1, 132, '16/06/09 13:23', '18/06/09 14:28', '0', '1'),
(437, 1, 2, 140, '16/06/09 17:24', '23/06/09 17:20', '0', '1'),
(438, 1, 3, 141, '16/06/09 16:44', '19/06/09 15:06', '0', '1'),
(439, 1, 4, 128, '16/06/09 16:45', '23/06/09 17:20', '0', '1'),
(440, 1, 9, 175, '16/06/09 20:12', '20/06/09 17:12', '0', '1'),
(441, 1, 10, 159, '16/06/09 20:12', '17/06/09 10:46', '0', '1'),
(442, 1, 11, 171, '16/06/09 20:12', '17/06/09 10:45', '0', '1'),
(443, 1, 12, 179, '16/06/09 20:12', '17/06/09 10:45', '0', '1'),
(444, 1, 9, 233, '20/06/09 15:13', '22/06/09 9:11', '0', '1'),
(445, 1, 10, 234, '20/06/09 15:13', '22/06/09 9:11', '0', '1'),
(446, 1, 11, 235, '20/06/09 15:13', '22/06/09 11:59', '0', '1'),
(447, 1, 12, 236, '20/06/09 15:14', '22/06/09 11:59', '0', '1'),
(448, 1, 13, 237, '20/06/09 15:14', '22/06/09 11:59', '0', '1'),
(449, 1, 14, 238, '20/06/09 15:14', '22/06/09 9:12', '0', '1'),
(450, 1, 15, 239, '20/06/09 15:14', '22/06/09 9:12', '0', '1'),
(451, 1, 16, 240, '20/06/09 15:15', '23/06/09 17:26', '0', '1'),
(452, 1, 17, 241, '20/06/09 15:15', '22/06/09 9:12', '0', '1'),
(453, 1, 18, 242, '20/06/09 15:15', '22/06/09 9:12', '0', '1'),
(454, 1, 19, 243, '20/06/09 15:16', '22/06/09 9:04', '0', '1'),
(455, 1, 20, 244, '20/06/09 15:16', '22/06/09 9:04', '0', '1'),
(456, 1, 21, 245, '20/06/09 15:17', '22/06/09 9:04', '0', '1'),
(457, 1, 22, 246, '20/06/09 15:18', '22/06/09 9:04', '0', '1'),
(458, 1, 23, 247, '20/06/09 15:18', '22/06/09 9:04', '0', '1'),
(459, 1, 24, 248, '20/06/09 15:18', '22/06/09 9:04', '0', '1'),
(460, 1, 9, 253, '22/06/09 09:31', '23/06/09 17:26', '0', '1'),
(461, 1, 10, 249, '22/06/09 09:34', '23/06/09 17:26', '0', '1'),
(462, 1, 14, 250, '22/06/09 09:37', '23/06/09 17:26', '0', '1'),
(463, 1, 15, 251, '22/06/09 09:40', '23/06/09 17:26', '0', '1'),
(464, 1, 17, 252, '22/06/09 09:44', '23/06/09 17:26', '0', '1'),
(465, 1, 18, 254, '22/06/09 09:46', '23/06/09 17:26', '0', '1'),
(466, 1, 11, 175, '22/06/09 13:03', '22/06/09 12:03', '0', '1'),
(467, 1, 11, 175, '22/06/09 13:03', '23/06/09 17:26', '0', '1'),
(468, 1, 1, 128, '23/06/09 18:00', '26/06/09 18:24', '0', '1'),
(469, 1, 9, 175, '23/06/09 18:00', '25/06/09 13:52', '0', '1'),
(470, 1, 2, 98, '24/06/09 18:55', '25/06/09 13:52', '0', '1'),
(471, 1, 3, 100, '24/06/09 18:55', '25/06/09 13:52', '0', '1'),
(472, 1, 4, 118, '24/06/09 18:55', '25/06/09 13:52', '0', '1'),
(473, 1, 2, 255, '25/06/09 13:33', '25/06/09 14:05', '0', '1'),
(474, 1, 3, 256, '25/06/09 13:33', '25/06/09 14:05', '0', '1'),
(475, 1, 4, 257, '25/06/09 13:33', '25/06/09 14:05', '0', '1'),
(476, 1, 2, 255, '25/06/09 13:33', '26/06/09 18:32', '0', '1'),
(477, 1, 3, 256, '25/06/09 13:33', '25/06/09 15:12', '0', '1'),
(478, 1, 4, 257, '25/06/09 13:33', '26/06/09 18:32', '0', '1'),
(479, 1, 5, 258, '25/06/09 13:33', '25/06/09 15:13', '0', '1'),
(480, 1, 6, 259, '25/06/09 13:34', '26/06/09 18:33', '0', '1'),
(481, 1, 7, 260, '25/06/09 13:34', '26/06/09 18:33', '0', '1'),
(482, 1, 8, 261, '25/06/09 13:34', '26/06/09 18:33', '0', '1'),
(483, 1, 9, 140, '25/06/09 13:38', '26/06/09 16:46', '0', '1'),
(484, 1, 3, 256, '25/06/09 13:33', '26/06/09 18:32', '0', '1'),
(485, 1, 5, 258, '25/06/09 13:33', '26/06/09 18:32', '0', '1'),
(486, 1, 2, 255, '26/06/09 18:59', '', '1', '1'),
(487, 1, 3, 256, '26/06/09 18:13', '', '1', '1'),
(488, 1, 4, 257, '26/06/09 19:04', '', '1', '1'),
(489, 1, 5, 258, '26/06/09 19:05', '', '1', '1'),
(490, 1, 13, 259, '26/06/09 19:07', '', '1', '1'),
(491, 1, 7, 260, '26/06/09 19:05', '', '1', '1'),
(492, 1, 8, 261, '26/06/09 18:57', '', '1', '1');
